
> audit-management-system-mvp@0.1.0 test:ci:kiosk-release
> node --test scripts/ci/__tests__/deploy-cloudflare-worker-workflow-contract.spec.mjs && vitest run --reporter=default --pool=forks --maxWorkers=1 tests/unit/runtimeEnvOverrides.spec.ts tests/unit/env.runtime.spec.ts src/app/AppShell.kiosk-route.spec.tsx src/app/__tests__/AppShell.kiosk-nav.spec.tsx src/lib/data/__tests__/createDataProvider.spec.ts src/lib/__tests__/dataProviderObservabilityStore.spec.ts src/features/kiosk/domain/__tests__/kioskProcedureMemo.spec.ts src/features/daily/repositories/sharepoint/__tests__/executionRepositoryFactory.spec.ts src/features/daily/hooks/__tests__/useExecutionRecord.spec.ts && cross-env VITE_FORCE_DEMO=0 npm run test:e2e -- tests/e2e/kiosk-user-selection.spec.ts tests/e2e/kiosk-procedure-list.spec.ts tests/e2e/kiosk-procedure-detail.spec.ts tests/e2e/kiosk-toilet.spec.ts --project=chromium --workers=1 --retries=0

▶ deploy-cloudflare-worker workflow contract
  ✔ normalizes release_scope to full when omitted (0.669625ms)
  ✔ validates unknown release_scope and rejects before test/build (0.0555ms)
  ✔ uses full/picked test command for each release scope (0.04375ms)
  ✔ does not share kiosk-only Chromium setup with full scope (0.081916ms)
  ✔ keeps confirmation phrases path-localized and non-overlapping (0.091833ms)
  ✔ keeps full path full-path build and deploy invariants (0.049042ms)
  ✔ keeps deploy job SHA verification and production commands (0.047125ms)
  ✔ enforces kiosk Playwright steps after node setup and npm ci in verify job (0.070042ms)
✔ deploy-cloudflare-worker workflow contract (1.617791ms)
ℹ tests 8
ℹ suites 1
ℹ pass 8
ℹ fail 0
ℹ cancelled 0
ℹ skipped 0
ℹ todo 0
ℹ duration_ms 47.450083

 RUN  v4.1.7 /Users/yasutakesougo/.codex/worktrees/kiosk-record-persistence-2586/audit-management-system-mvp

stderr | src/features/daily/hooks/__tests__/useExecutionRecord.spec.ts
[env] Environment validation failed (non-fatal): {
  VITE_MSAL_CLIENT_ID: [ 'Invalid input: expected string, received undefined' ],
  VITE_MSAL_TENANT_ID: [ 'Invalid input: expected string, received undefined' ]
}

 ✓ src/features/daily/hooks/__tests__/useExecutionRecord.spec.ts (10 tests) 767ms
stderr | src/app/__tests__/AppShell.kiosk-nav.spec.tsx
[env] Environment validation failed (non-fatal): {
  VITE_MSAL_CLIENT_ID: [ 'Invalid input: expected string, received undefined' ],
  VITE_MSAL_TENANT_ID: [ 'Invalid input: expected string, received undefined' ]
}

stdout | src/app/__tests__/AppShell.kiosk-nav.spec.tsx
[MSAL ENV] Validated successfully

stderr | src/app/__tests__/AppShell.kiosk-nav.spec.tsx > AppShell Navigation OS integration (Logical Filtering) > respects User Hidden Groups preference in Normal mode
⚠️ React Router Future Flag Warning: React Router will begin wrapping state updates in `React.startTransition` in v7. You can use the `v7_startTransition` future flag to opt-in early. For more information, see https://reactrouter.com/v6/upgrading/future#v7_starttransition.
⚠️ React Router Future Flag Warning: Relative route resolution within Splat routes is changing in v7. You can use the `v7_relativeSplatPath` future flag to opt-in early. For more information, see https://reactrouter.com/v6/upgrading/future#v7_relativesplatpath.

 ✓ src/app/__tests__/AppShell.kiosk-nav.spec.tsx (9 tests) 260ms
stderr | src/lib/__tests__/dataProviderObservabilityStore.spec.ts
[env] Environment validation failed (non-fatal): {
  VITE_MSAL_CLIENT_ID: [ 'Invalid input: expected string, received undefined' ],
  VITE_MSAL_TENANT_ID: [ 'Invalid input: expected string, received undefined' ]
}

 ✓ src/lib/__tests__/dataProviderObservabilityStore.spec.ts (5 tests) 65ms
stderr | src/app/AppShell.kiosk-route.spec.tsx
[env] Environment validation failed (non-fatal): {
  VITE_MSAL_CLIENT_ID: [ 'Invalid input: expected string, received undefined' ],
  VITE_MSAL_TENANT_ID: [ 'Invalid input: expected string, received undefined' ]
}

stdout | src/app/AppShell.kiosk-route.spec.tsx
[MSAL ENV] Validated successfully

stderr | src/app/AppShell.kiosk-route.spec.tsx > AppShell kiosk query routing > enables kiosk mode when /today?kiosk=1 is opened
⚠️ React Router Future Flag Warning: React Router will begin wrapping state updates in `React.startTransition` in v7. You can use the `v7_startTransition` future flag to opt-in early. For more information, see https://reactrouter.com/v6/upgrading/future#v7_starttransition.
⚠️ React Router Future Flag Warning: Relative route resolution within Splat routes is changing in v7. You can use the `v7_relativeSplatPath` future flag to opt-in early. For more information, see https://reactrouter.com/v6/upgrading/future#v7_relativesplatpath.

 ✓ src/app/AppShell.kiosk-route.spec.tsx (5 tests) 419ms
stderr | src/lib/data/__tests__/createDataProvider.spec.ts
[env] Environment validation failed (non-fatal): {
  VITE_MSAL_CLIENT_ID: [ 'Invalid input: expected string, received undefined' ],
  VITE_MSAL_TENANT_ID: [ 'Invalid input: expected string, received undefined' ]
}

 ✓ src/lib/data/__tests__/createDataProvider.spec.ts (8 tests) 59ms
stderr | src/features/daily/repositories/sharepoint/__tests__/executionRepositoryFactory.spec.ts
[env] Environment validation failed (non-fatal): {
  VITE_MSAL_CLIENT_ID: [ 'Invalid input: expected string, received undefined' ],
  VITE_MSAL_TENANT_ID: [ 'Invalid input: expected string, received undefined' ]
}

stderr | src/features/daily/repositories/sharepoint/__tests__/executionRepositoryFactory.spec.ts > executionRepositoryFactory > forces sharepoint in kiosk runtime when local/memory provider hint is detected in production
[ExecutionRepositoryFactory] local/memory hint detected in kiosk runtime; forcing SharePoint adapter.

 ✓ src/features/daily/repositories/sharepoint/__tests__/executionRepositoryFactory.spec.ts (8 tests) 8ms
stderr | tests/unit/env.runtime.spec.ts
[env] Environment validation failed (non-fatal): {
  VITE_MSAL_CLIENT_ID: [ 'Invalid input: expected string, received undefined' ],
  VITE_MSAL_TENANT_ID: [ 'Invalid input: expected string, received undefined' ]
}

 ✓ tests/unit/env.runtime.spec.ts (4 tests) 9ms
stderr | tests/unit/runtimeEnvOverrides.spec.ts
[env] Environment validation failed (non-fatal): {
  VITE_MSAL_CLIENT_ID: [ 'Invalid input: expected string, received undefined' ],
  VITE_MSAL_TENANT_ID: [ 'Invalid input: expected string, received undefined' ]
}

 ✓ tests/unit/runtimeEnvOverrides.spec.ts (3 tests) 5ms
stderr | src/features/kiosk/domain/__tests__/kioskProcedureMemo.spec.ts
[env] Environment validation failed (non-fatal): {
  VITE_MSAL_CLIENT_ID: [ 'Invalid input: expected string, received undefined' ],
  VITE_MSAL_TENANT_ID: [ 'Invalid input: expected string, received undefined' ]
}

 ✓ src/features/kiosk/domain/__tests__/kioskProcedureMemo.spec.ts (4 tests) 3ms

 Test Files  9 passed (9)
      Tests  56 passed (56)
   Start at  12:03:40
   Duration  6.87s (transform 984ms, setup 1.93s, import 1.39s, tests 1.59s, environment 1.31s)


> audit-management-system-mvp@0.1.0 test:e2e
> playwright test tests/e2e/kiosk-user-selection.spec.ts tests/e2e/kiosk-procedure-list.spec.ts tests/e2e/kiosk-procedure-detail.spec.ts tests/e2e/kiosk-toilet.spec.ts --project=chromium --workers=1 --retries=0

[2m[WebServer] [22m(node:32262) Warning: The 'NO_COLOR' env is ignored due to the 'FORCE_COLOR' env being set.
[2m[WebServer] [22m(Use `node --trace-warnings ...` to show where the warning was created)
[2m[WebServer] [22m(node:32364) Warning: The 'NO_COLOR' env is ignored due to the 'FORCE_COLOR' env being set.
[2m[WebServer] [22m(Use `node --trace-warnings ...` to show where the warning was created)

Running 21 tests using 1 worker

(node:32423) Warning: The 'NO_COLOR' env is ignored due to the 'FORCE_COLOR' env being set.
(Use `node --trace-warnings ...` to show where the warning was created)
(node:32423) Warning: The 'NO_COLOR' env is ignored due to the 'FORCE_COLOR' env being set.
(Use `node --trace-warnings ...` to show where the warning was created)
  ✓   1 [chromium] › tests/e2e/kiosk-procedure-detail.spec.ts:42:7 › Kiosk Procedure Detail › should display procedure details and navigate back (2.6s)
  ✓   2 [chromium] › tests/e2e/kiosk-procedure-detail.spec.ts:58:7 › Kiosk Procedure Detail › should save procedure record and reflect in list (3.1s)
  ✓   3 [chromium] › tests/e2e/kiosk-procedure-detail.spec.ts:77:7 › Kiosk Procedure Detail › should propagate date URL parameter to detail and back on save (4.1s)
[Stub Request] GET /sites/demo/_api/web/lists/getbytitle('Diagnostics_Reports')/fields?$select=InternalName,TypeAsString,Required,Indexed&$top=5000
[Stub] Auto-created state for list: Diagnostics_Reports
[Stub] Returning 33 fields for list: Diagnostics_Reports
[Stub Request] GET /sites/demo/_api/web/lists/getbytitle('Users_Master')/fields?$select=InternalName&$top=5000
[Stub] Returning 59 fields for list: Users_Master
[Stub Request] GET /sites/demo/_api/web/lists/getbytitle('UserTransport_Settings')/fields?$select=InternalName&$top=5000
[Stub] Auto-created state for list: UserTransport_Settings
[Stub] Returning 59 fields for list: UserTransport_Settings
[Stub Request] GET /sites/demo/_api/web/lists/getbytitle('UserBenefit_Profile')/fields?$select=InternalName&$top=5000
[Stub] Auto-created state for list: UserBenefit_Profile
[Stub] Returning 59 fields for list: UserBenefit_Profile
[Stub Request] GET /sites/demo/_api/web/lists/getbytitle('UserBenefit_Profile_Ext')/fields?$select=InternalName&$top=5000
[Stub] Auto-created state for list: UserBenefit_Profile_Ext
[Stub] Returning 59 fields for list: UserBenefit_Profile_Ext
[Stub Request] GET /sites/demo/_api/web/lists/getbytitle('Users_Master')/items(23)?%24select=Id%2CTitle%2CModified%2CCreated%2CUserID%2CUserCode%2CFullName%2CFurigana%2CFullNameKana%2CContractDate%2CServiceStartDate%2CServiceEndDate%2CIsHighIntensitySupportTarget%2CIsSupportProcedureTarget%2CIsActive%2CUsageStatus%2CAttendanceDays
[Stub Request] GET /sites/demo/_api/web/lists/getbytitle('Users_Master')/items(23)?%24select=Id%2CTitle%2CModified%2CCreated%2CUserID%2CUserCode%2CFullName%2CFurigana%2CFullNameKana%2CContractDate%2CServiceStartDate%2CServiceEndDate%2CIsHighIntensitySupportTarget%2CIsSupportProcedureTarget%2CIsActive%2CUsageStatus%2CAttendanceDays
[Stub Request] GET /sites/demo/_api/web/lists?$select=Title,Id
[Stub Request] GET /sites/demo/_api/web/lists/getbytitle('SupportRecord_Daily')/fields?$select=InternalName&$top=5000
[Stub] Returning 34 fields for list: SupportRecord_Daily
[Stub Request] GET /sites/demo/_api/web/lists/getbytitle('DailyRecordRows')/fields?$select=InternalName&$top=5000
[Stub] Returning 38 fields for list: DailyRecordRows
[Stub Request] GET /sites/demo/_api/web/lists/getbytitle('SupportRecord_Daily')/items?$filter=RecordDate%20ge%20%272026-10-09%27%20and%20RecordDate%20lt%20%272026-10-10%27&$select=Id,Title,RecordDate
[Stub Request] GET /sites/demo/_api/web/lists/getbytitle('DailyRecordRows')/items?$filter=Parent_x0020_ID%20eq%201&$select=Id,Title,Created,Modified,Parent_x0020_ID,User_x0020_ID,Status,Payload,Recorded_x0020_At,RowNo,Memo,StaffName,BipsJSON
[Stub Request] GET /sites/demo/_api/web/lists/getbytitle('SupportRecord_Daily')/items?$filter=RecordDate%20ge%20%272026-10-09%27%20and%20RecordDate%20lt%20%272026-10-10%27&$select=Id,Title,RecordDate
[Stub Request] GET /sites/demo/_api/web/lists/getbytitle('DailyRecordRows')/items?$filter=Parent_x0020_ID%20eq%201&$select=Id,Title,Created,Modified,Parent_x0020_ID,User_x0020_ID,Status,Payload,Recorded_x0020_At,RowNo,Memo,StaffName,BipsJSON
[Stub Request] GET /sites/demo/_api/web/lists/getbytitle('SupportRecord_Daily')/items?$filter=RecordDate%20ge%20%272026-10-09%27%20and%20RecordDate%20lt%20%272026-10-10%27&$select=Id,Title,RecordDate
[Stub Request] GET /sites/demo/_api/web/lists/getbytitle('DailyRecordRows')/items?$filter=Parent_x0020_ID%20eq%201&$select=Id,Title,Created,Modified,Parent_x0020_ID,User_x0020_ID,Status,Payload,Recorded_x0020_At,RowNo,Memo,StaffName,BipsJSON
[Stub Request] GET /sites/demo/_api/web/lists/getbytitle('SupportRecord_Daily')/items?$filter=RecordDate%20ge%20%272026-10-09%27%20and%20RecordDate%20lt%20%272026-10-10%27&$select=Id,Title,RecordDate
[Stub Request] GET /sites/demo/_api/web/lists/getbytitle('DailyRecordRows')/items?$filter=Parent_x0020_ID%20eq%201&$select=Id,Title,Created,Modified,Parent_x0020_ID,User_x0020_ID,Status,Payload,Recorded_x0020_At,RowNo,Memo,StaffName,BipsJSON
[Stub Request] GET /sites/demo/_api/web/lists/getbytitle('SupportRecord_Daily')/items?$filter=RecordDate%20ge%20%272026-10-09%27%20and%20RecordDate%20lt%20%272026-10-10%27&$select=Id,Title,RecordDate
[Stub Request] GET /sites/demo/_api/web/lists/getbytitle('DailyRecordRows')/items?$filter=Parent_x0020_ID%20eq%201&$select=Id,Title,Created,Modified,Parent_x0020_ID,User_x0020_ID,Status,Payload,Recorded_x0020_At,RowNo,Memo,StaffName,BipsJSON
[Stub Request] GET /sites/demo/_api/web/lists/getbytitle('SupportRecord_Daily')/items?$filter=RecordDate%20ge%20%272026-10-09%27%20and%20RecordDate%20lt%20%272026-10-10%27&$select=Id,Title,RecordDate
[Stub Request] GET /sites/demo/_api/web/lists/getbytitle('DailyRecordRows')/items?$filter=Parent_x0020_ID%20eq%201&$select=Id,Title,Created,Modified,Parent_x0020_ID,User_x0020_ID,Status,Payload,Recorded_x0020_At,RowNo,Memo,StaffName,BipsJSON
[Stub Request] GET /sites/demo/_api/web/lists/getbytitle('SupportRecord_Daily')/items?$filter=RecordDate%20ge%20%272026-10-09%27%20and%20RecordDate%20lt%20%272026-10-10%27&$select=Id,Title,RecordDate
[Stub Request] GET /sites/demo/_api/web/lists/getbytitle('DailyRecordRows')/items?$filter=Parent_x0020_ID%20eq%201&$select=Id,Title,Created,Modified,Parent_x0020_ID,User_x0020_ID,Status,Payload,Recorded_x0020_At,RowNo,Memo,StaffName,BipsJSON
[Stub Request] GET /sites/demo/_api/web/lists/getbytitle('SupportRecord_Daily')/items?$filter=RecordDate%20ge%20%272026-10-09%27%20and%20RecordDate%20lt%20%272026-10-10%27&$select=Id,Title,RecordDate
[Stub Request] GET /sites/demo/_api/web/lists/getbytitle('DailyRecordRows')/items?$filter=Parent_x0020_ID%20eq%201&$select=Id,Title,Created,Modified,Parent_x0020_ID,User_x0020_ID,Status,Payload,Recorded_x0020_At,RowNo,Memo,StaffName,BipsJSON
[Stub Request] GET /sites/demo/_api/web/lists/getbytitle('SupportRecord_Daily')/items?$filter=RecordDate%20ge%20%272026-10-09%27%20and%20RecordDate%20lt%20%272026-10-10%27&$select=Id,Title,RecordDate
[Stub Request] GET /sites/demo/_api/web/lists/getbytitle('DailyRecordRows')/items?$filter=Parent_x0020_ID%20eq%201&$select=Id,Title,Created,Modified,Parent_x0020_ID,User_x0020_ID,Status,Payload,Recorded_x0020_At,RowNo,Memo,StaffName,BipsJSON
[Stub Request] GET /sites/demo/_api/web/lists/getbytitle('SupportRecord_Daily')/items?$filter=RecordDate%20ge%20%272026-10-09%27%20and%20RecordDate%20lt%20%272026-10-10%27&$select=Id,Title,RecordDate
[Stub Request] GET /sites/demo/_api/web/lists/getbytitle('DailyRecordRows')/items?$filter=Parent_x0020_ID%20eq%201&$select=Id,Title,Created,Modified,Parent_x0020_ID,User_x0020_ID,Status,Payload,Recorded_x0020_At,RowNo,Memo,StaffName,BipsJSON
[Stub Request] GET /sites/demo/_api/web/lists/getbytitle('SupportRecord_Daily')/items?$filter=RecordDate%20ge%20%272026-10-09%27%20and%20RecordDate%20lt%20%272026-10-10%27&$select=Id,Title,RecordDate
[Stub Request] GET /sites/demo/_api/web/lists/getbytitle('DailyRecordRows')/items?$filter=Parent_x0020_ID%20eq%201&$select=Id,Title,Created,Modified,Parent_x0020_ID,User_x0020_ID,Status,Payload,Recorded_x0020_At,RowNo,Memo,StaffName,BipsJSON
[Stub Request] GET /sites/demo/_api/web/lists/getbytitle('SupportRecord_Daily')/items?$filter=RecordDate%20ge%20%272026-10-09%27%20and%20RecordDate%20lt%20%272026-10-10%27&$select=Id,Title,RecordDate
[Stub Request] GET /sites/demo/_api/web/lists/getbytitle('DailyRecordRows')/items?$filter=Parent_x0020_ID%20eq%201&$select=Id,Title,Created,Modified,Parent_x0020_ID,User_x0020_ID,Status,Payload,Recorded_x0020_At,RowNo,Memo,StaffName,BipsJSON
[Stub Request] GET /sites/demo/_api/web/lists/getbytitle('SupportRecord_Daily')/items?$filter=RecordDate%20ge%20%272026-10-09%27%20and%20RecordDate%20lt%20%272026-10-10%27&$select=Id,Title,RecordDate
[Stub Request] GET /sites/demo/_api/web/lists/getbytitle('DailyRecordRows')/items?$filter=Parent_x0020_ID%20eq%201&$select=Id,Title,Created,Modified,Parent_x0020_ID,User_x0020_ID,Status,Payload,Recorded_x0020_At,RowNo,Memo,StaffName,BipsJSON
[Stub Request] GET /sites/demo/_api/web/lists/getbytitle('SupportRecord_Daily')/items?$filter=RecordDate%20ge%20%272026-10-09%27%20and%20RecordDate%20lt%20%272026-10-10%27&$select=Id,Title,RecordDate
[Stub Request] GET /sites/demo/_api/web/lists/getbytitle('DailyRecordRows')/items?$filter=Parent_x0020_ID%20eq%201&$select=Id,Title,Created,Modified,Parent_x0020_ID,User_x0020_ID,Status,Payload,Recorded_x0020_At,RowNo,Memo,StaffName,BipsJSON
[Stub Request] GET /sites/demo/_api/web/lists/getbytitle('SupportRecord_Daily')/items?$filter=RecordDate%20ge%20%272026-10-09%27%20and%20RecordDate%20lt%20%272026-10-10%27&$select=Id,Title,RecordDate
[Stub Request] GET /sites/demo/_api/web/lists/getbytitle('DailyRecordRows')/items?$filter=Parent_x0020_ID%20eq%201&$select=Id,Title,Created,Modified,Parent_x0020_ID,User_x0020_ID,Status,Payload,Recorded_x0020_At,RowNo,Memo,StaffName,BipsJSON
[Stub Request] GET /sites/demo/_api/web/lists/getbytitle('SupportRecord_Daily')/items?$filter=RecordDate%20ge%20%272026-10-09%27%20and%20RecordDate%20lt%20%272026-10-10%27&$select=Id,Title,RecordDate
[Stub Request] GET /sites/demo/_api/web/lists/getbytitle('DailyRecordRows')/items?$filter=Parent_x0020_ID%20eq%201&$select=Id,Title,Created,Modified,Parent_x0020_ID,User_x0020_ID,Status,Payload,Recorded_x0020_At,RowNo,Memo,StaffName,BipsJSON
[Stub Request] GET /sites/demo/_api/web/lists/getbytitle('SupportRecord_Daily')/items?$filter=RecordDate%20ge%20%272026-10-09%27%20and%20RecordDate%20lt%20%272026-10-10%27&$select=Id,Title,RecordDate
[Stub Request] GET /sites/demo/_api/web/lists/getbytitle('DailyRecordRows')/items?$filter=Parent_x0020_ID%20eq%201&$select=Id,Title,Created,Modified,Parent_x0020_ID,User_x0020_ID,Status,Payload,Recorded_x0020_At,RowNo,Memo,StaffName,BipsJSON
[Stub Request] GET /sites/demo/_api/web/lists/getbytitle('SupportRecord_Daily')/items?$filter=RecordDate%20ge%20%272026-10-09%27%20and%20RecordDate%20lt%20%272026-10-10%27&$select=Id,Title,RecordDate
[Stub Request] GET /sites/demo/_api/web/lists/getbytitle('DailyRecordRows')/items?$filter=Parent_x0020_ID%20eq%201&$select=Id,Title,Created,Modified,Parent_x0020_ID,User_x0020_ID,Status,Payload,Recorded_x0020_At,RowNo,Memo,StaffName,BipsJSON
[Stub Request] GET /sites/demo/_api/web/lists/getbytitle('SupportRecord_Daily')/items?$filter=RecordDate%20ge%20%272026-10-09%27%20and%20RecordDate%20lt%20%272026-10-10%27&$select=Id,Title,RecordDate
[Stub Request] GET /sites/demo/_api/web/lists/getbytitle('DailyRecordRows')/items?$filter=Parent_x0020_ID%20eq%201&$select=Id,Title,Created,Modified,Parent_x0020_ID,User_x0020_ID,Status,Payload,Recorded_x0020_At,RowNo,Memo,StaffName,BipsJSON
[Stub Request] GET /sites/demo/_api/web/lists/getbytitle('SupportRecord_Daily')/items?$filter=RecordDate%20ge%20%272026-10-09%27%20and%20RecordDate%20lt%20%272026-10-10%27&$select=Id,Title,RecordDate
[Stub Request] GET /sites/demo/_api/web/lists/getbytitle('DailyRecordRows')/items?$filter=Parent_x0020_ID%20eq%201&$select=Id,Title,Created,Modified,Parent_x0020_ID,User_x0020_ID,Status,Payload,Recorded_x0020_At,RowNo,Memo,StaffName,BipsJSON
[Stub Request] GET /sites/demo/_api/web/lists/getbytitle('SupportRecord_Daily')/items?$filter=RecordDate%20ge%20%272026-10-09%27%20and%20RecordDate%20lt%20%272026-10-10%27&$select=Id,Title,RecordDate
[Stub Request] GET /sites/demo/_api/web/lists/getbytitle('DailyRecordRows')/items?$filter=Parent_x0020_ID%20eq%201&$select=Id,Title,Created,Modified,Parent_x0020_ID,User_x0020_ID,Status,Payload,Recorded_x0020_At,RowNo,Memo,StaffName,BipsJSON
[Stub Request] GET /sites/demo/_api/web/lists/getbytitle('SupportRecord_Daily')/items?$filter=RecordDate%20ge%20%272026-10-09%27%20and%20RecordDate%20lt%20%272026-10-10%27&$select=Id,Title,RecordDate
[Stub Request] GET /sites/demo/_api/web/lists/getbytitle('DailyRecordRows')/items?$filter=Parent_x0020_ID%20eq%201&$select=Id,Title,Created,Modified,Parent_x0020_ID,User_x0020_ID,Status,Payload,Recorded_x0020_At,RowNo,Memo,StaffName,BipsJSON
[Stub Request] GET /sites/demo/_api/web/lists/getbytitle('SupportRecord_Daily')/items?$filter=RecordDate%20ge%20%272026-10-09%27%20and%20RecordDate%20lt%20%272026-10-10%27&$select=Id,Title,RecordDate
[Stub Request] GET /sites/demo/_api/web/lists/getbytitle('DailyRecordRows')/items?$filter=Parent_x0020_ID%20eq%201&$select=Id,Title,Created,Modified,Parent_x0020_ID,User_x0020_ID,Status,Payload,Recorded_x0020_At,RowNo,Memo,StaffName,BipsJSON
[Stub Request] GET /sites/demo/_api/web/lists/getbytitle('SupportRecord_Daily')/items?$filter=RecordDate%20ge%20%272026-10-09%27%20and%20RecordDate%20lt%20%272026-10-10%27&$select=Id,Title,RecordDate
[Stub Request] GET /sites/demo/_api/web/lists/getbytitle('DailyRecordRows')/items?$filter=Parent_x0020_ID%20eq%201&$select=Id,Title,Created,Modified,Parent_x0020_ID,User_x0020_ID,Status,Payload,Recorded_x0020_At,RowNo,Memo,StaffName,BipsJSON
[Stub Request] GET /sites/demo/_api/web/lists/getbytitle('SupportRecord_Daily')/items?$filter=RecordDate%20ge%20%272026-10-09%27%20and%20RecordDate%20lt%20%272026-10-10%27&$select=Id,Title,RecordDate
[Stub Request] GET /sites/demo/_api/web/lists/getbytitle('DailyRecordRows')/items?$filter=Parent_x0020_ID%20eq%201&$select=Id,Title,Created,Modified,Parent_x0020_ID,User_x0020_ID,Status,Payload,Recorded_x0020_At,RowNo,Memo,StaffName,BipsJSON
[Stub Request] GET /sites/demo/_api/web/lists/getbytitle('SupportRecord_Daily')/items?$filter=RecordDate%20ge%20%272026-10-09%27%20and%20RecordDate%20lt%20%272026-10-10%27&$select=Id,Title,RecordDate
[Stub Request] GET /sites/demo/_api/web/lists/getbytitle('DailyRecordRows')/items?$filter=Parent_x0020_ID%20eq%201&$select=Id,Title,Created,Modified,Parent_x0020_ID,User_x0020_ID,Status,Payload,Recorded_x0020_At,RowNo,Memo,StaffName,BipsJSON
[Stub Request] GET /sites/demo/_api/web/lists/getbytitle('SupportRecord_Daily')/items?$filter=RecordDate%20ge%20%272026-10-09%27%20and%20RecordDate%20lt%20%272026-10-10%27&$select=Id,Title,RecordDate
[Stub Request] GET /sites/demo/_api/web/lists/getbytitle('DailyRecordRows')/items?$filter=Parent_x0020_ID%20eq%201&$select=Id,Title,Created,Modified,Parent_x0020_ID,User_x0020_ID,Status,Payload,Recorded_x0020_At,RowNo,Memo,StaffName,BipsJSON
[Stub Request] GET /sites/demo/_api/web/lists/getbytitle('SupportRecord_Daily')/items?$filter=RecordDate%20ge%20%272026-10-09%27%20and%20RecordDate%20lt%20%272026-10-10%27&$select=Id,Title,RecordDate
[Stub Request] GET /sites/demo/_api/web/lists/getbytitle('DailyRecordRows')/items?$filter=Parent_x0020_ID%20eq%201&$select=Id,Title,Created,Modified,Parent_x0020_ID,User_x0020_ID,Status,Payload,Recorded_x0020_At,RowNo,Memo,StaffName,BipsJSON
[Stub Request] GET /sites/demo/_api/web/lists/getbytitle('SupportRecord_Daily')/items?$filter=RecordDate%20ge%20%272026-10-09%27%20and%20RecordDate%20lt%20%272026-10-10%27&$select=Id,Title,RecordDate
[Stub Request] GET /sites/demo/_api/web/lists/getbytitle('DailyRecordRows')/items?$filter=Parent_x0020_ID%20eq%201&$select=Id,Title,Created,Modified,Parent_x0020_ID,User_x0020_ID,Status,Payload,Recorded_x0020_At,RowNo,Memo,StaffName,BipsJSON
[Stub Request] GET /sites/demo/_api/web/lists/getbytitle('SupportRecord_Daily')/items?$filter=RecordDate%20ge%20%272026-10-09%27%20and%20RecordDate%20lt%20%272026-10-10%27&$select=Id,Title,RecordDate
[Stub Request] GET /sites/demo/_api/web/lists/getbytitle('DailyRecordRows')/items?$filter=Parent_x0020_ID%20eq%201&$select=Id,Title,Created,Modified,Parent_x0020_ID,User_x0020_ID,Status,Payload,Recorded_x0020_At,RowNo,Memo,StaffName,BipsJSON
[Stub Request] GET /sites/demo/_api/web/lists/getbytitle('SupportRecord_Daily')/items?$filter=RecordDate%20ge%20%272026-10-09%27%20and%20RecordDate%20lt%20%272026-10-10%27&$select=Id,Title,RecordDate
[Stub Request] GET /sites/demo/_api/web/lists/getbytitle('DailyRecordRows')/items?$filter=Parent_x0020_ID%20eq%201&$select=Id,Title,Created,Modified,Parent_x0020_ID,User_x0020_ID,Status,Payload,Recorded_x0020_At,RowNo,Memo,StaffName,BipsJSON
[Stub Request] GET /sites/demo/_api/web/lists/getbytitle('SupportRecord_Daily')/items?$filter=RecordDate%20ge%20%272026-10-09%27%20and%20RecordDate%20lt%20%272026-10-10%27&$select=Id,Title,RecordDate
[Stub Request] GET /sites/demo/_api/web/lists/getbytitle('DailyRecordRows')/items?$filter=Parent_x0020_ID%20eq%201&$select=Id,Title,Created,Modified,Parent_x0020_ID,User_x0020_ID,Status,Payload,Recorded_x0020_At,RowNo,Memo,StaffName,BipsJSON
[Stub Request] GET /sites/demo/_api/web/lists/getbytitle('SupportRecord_Daily')/items?$filter=RecordDate%20ge%20%272026-10-09%27%20and%20RecordDate%20lt%20%272026-10-10%27&$select=Id,Title,RecordDate
[Stub Request] GET /sites/demo/_api/web/lists/getbytitle('DailyRecordRows')/items?$filter=Parent_x0020_ID%20eq%201&$select=Id,Title,Created,Modified,Parent_x0020_ID,User_x0020_ID,Status,Payload,Recorded_x0020_At,RowNo,Memo,StaffName,BipsJSON
[Stub Request] GET /sites/demo/_api/web/lists/getbytitle('SupportRecord_Daily')/items?$filter=Title%20eq%20%272026-10-09-U-023%27&$select=Id
[Stub Request] POST /sites/demo/_api/web/lists/getbytitle('DailyRecordRows')/items
[Stub Request] GET /sites/demo/_api/web/lists?$select=Title,Id
[Stub Request] GET /sites/demo/_api/web/lists/getbytitle('SupportPlanningSheet_Master')/fields?$select=InternalName&$top=5000
[Stub] Auto-created state for list: SupportPlanningSheet_Master
[Stub] Returning 52 fields for list: SupportPlanningSheet_Master
[Stub Request] GET /sites/demo/_api/web/lists/getbytitle('Users_Master')/items(23)?%24select=Id%2CTitle%2CModified%2CCreated%2CUserID%2CUserCode%2CFullName%2CFurigana%2CFullNameKana%2CContractDate%2CServiceStartDate%2CServiceEndDate%2CIsHighIntensitySupportTarget%2CIsSupportProcedureTarget%2CIsActive%2CUsageStatus%2CAttendanceDays
[Stub Request] GET /sites/demo/_api/web/lists/getbytitle('Users_Master')/items(23)?%24select=Id%2CTitle%2CModified%2CCreated%2CUserID%2CUserCode%2CFullName%2CFurigana%2CFullNameKana%2CContractDate%2CServiceStartDate%2CServiceEndDate%2CIsHighIntensitySupportTarget%2CIsSupportProcedureTarget%2CIsActive%2CUsageStatus%2CAttendanceDays
[Stub Request] GET /sites/demo/_api/web/lists/getbytitle('Users_Master')/items?%24select=Id%2CTitle%2CModified%2CCreated%2CUserID%2CUserCode%2CFullName%2CFurigana%2CFullNameKana%2CContractDate%2CServiceStartDate%2CServiceEndDate%2CIsHighIntensitySupportTarget%2CIsSupportProcedureTarget%2CIsActive%2CUsageStatus%2CAttendanceDays&%24orderby=ID+asc&%24top=200
[Stub Request] GET /sites/demo/_api/web/lists/getbytitle('Users_Master')/items?%24select=Id%2CTitle%2CModified%2CCreated%2CUserID%2CUserCode%2CFullName%2CFurigana%2CFullNameKana%2CContractDate%2CServiceStartDate%2CServiceEndDate%2CIsHighIntensitySupportTarget%2CIsSupportProcedureTarget%2CIsActive%2CUsageStatus%2CAttendanceDays&%24orderby=ID+asc&%24top=200
[Stub Request] GET /sites/demo/_api/web/lists/getbytitle('SupportPlanningSheet_Master')/items?%24filter=UserCode+eq+%2723%27+and+IsCurrent+eq+true&%24orderby=Created+desc&%24top=100
[Stub Request] GET /sites/demo/_api/web/lists/getbytitle('SupportPlanningSheet_Master')/items?%24filter=UserCode+eq+%27U-023%27+and+IsCurrent+eq+true&%24orderby=Created+desc&%24top=100
[Stub Request] GET /sites/demo/_api/web/lists/getbytitle('SupportRecord_Daily')/items?$filter=RecordDate%20ge%20%272026-10-09%27%20and%20RecordDate%20lt%20%272026-10-10%27&$select=Id,Title,RecordDate
[Stub Request] GET /sites/demo/_api/web/lists/getbytitle('DailyRecordRows')/items?$filter=Parent_x0020_ID%20eq%201&$select=Id,Title,Created,Modified,Parent_x0020_ID,User_x0020_ID,Status,Payload,Recorded_x0020_At,RowNo,Memo,StaffName,BipsJSON
[Stub Request] GET /sites/demo/_api/web/lists/getbytitle('Diagnostics_Reports')/fields?$select=InternalName,TypeAsString,Required,Indexed&$top=5000
[Stub] Returning 33 fields for list: Diagnostics_Reports
[Stub Request] GET /sites/demo/_api/web/lists?$select=Title,Id
[Stub Request] GET /sites/demo/_api/web/lists/getbytitle('Users_Master')/fields?$select=InternalName&$top=5000
[Stub] Returning 59 fields for list: Users_Master
[Stub Request] GET /sites/demo/_api/web/lists/getbytitle('SupportPlanningSheet_Master')/fields?$select=InternalName&$top=5000
[Stub] Returning 52 fields for list: SupportPlanningSheet_Master
[Stub Request] GET /sites/demo/_api/web/lists/getbytitle('SupportRecord_Daily')/fields?$select=InternalName&$top=5000
[Stub] Returning 34 fields for list: SupportRecord_Daily
[Stub Request] GET /sites/demo/_api/web/lists/getbytitle('UserTransport_Settings')/fields?$select=InternalName&$top=5000
[Stub] Returning 59 fields for list: UserTransport_Settings
[Stub Request] GET /sites/demo/_api/web/lists/getbytitle('UserBenefit_Profile')/fields?$select=InternalName&$top=5000
[Stub] Returning 59 fields for list: UserBenefit_Profile
[Stub Request] GET /sites/demo/_api/web/lists/getbytitle('UserBenefit_Profile_Ext')/fields?$select=InternalName&$top=5000
[Stub] Returning 59 fields for list: UserBenefit_Profile_Ext
[Stub Request] GET /sites/demo/_api/web/lists/getbytitle('SupportPlanningSheet_Master')/items?%24filter=UserCode+eq+%2723%27+and+IsCurrent+eq+true&%24orderby=Created+desc&%24top=100
[Stub Request] GET /sites/demo/_api/web/lists/getbytitle('Users_Master')/items(23)?%24select=Id%2CTitle%2CModified%2CCreated%2CUserID%2CUserCode%2CFullName%2CFurigana%2CFullNameKana%2CContractDate%2CServiceStartDate%2CServiceEndDate%2CIsHighIntensitySupportTarget%2CIsSupportProcedureTarget%2CIsActive%2CUsageStatus%2CAttendanceDays
[Stub Request] GET /sites/demo/_api/web/lists/getbytitle('Users_Master')/items(23)?%24select=Id%2CTitle%2CModified%2CCreated%2CUserID%2CUserCode%2CFullName%2CFurigana%2CFullNameKana%2CContractDate%2CServiceStartDate%2CServiceEndDate%2CIsHighIntensitySupportTarget%2CIsSupportProcedureTarget%2CIsActive%2CUsageStatus%2CAttendanceDays
[Stub Request] GET /sites/demo/_api/web/lists/getbytitle('Users_Master')/items?%24select=Id%2CTitle%2CModified%2CCreated%2CUserID%2CUserCode%2CFullName%2CFurigana%2CFullNameKana%2CContractDate%2CServiceStartDate%2CServiceEndDate%2CIsHighIntensitySupportTarget%2CIsSupportProcedureTarget%2CIsActive%2CUsageStatus%2CAttendanceDays&%24orderby=ID+asc&%24top=200
[Stub Request] GET /sites/demo/_api/web/lists/getbytitle('Users_Master')/items?%24select=Id%2CTitle%2CModified%2CCreated%2CUserID%2CUserCode%2CFullName%2CFurigana%2CFullNameKana%2CContractDate%2CServiceStartDate%2CServiceEndDate%2CIsHighIntensitySupportTarget%2CIsSupportProcedureTarget%2CIsActive%2CUsageStatus%2CAttendanceDays&%24orderby=ID+asc&%24top=200
[Stub Request] GET /sites/demo/_api/web/lists/getbytitle('SupportPlanningSheet_Master')/items?%24filter=UserCode+eq+%27U-023%27+and+IsCurrent+eq+true&%24orderby=Created+desc&%24top=100
[Stub Request] GET /sites/demo/_api/web/lists/getbytitle('DailyRecordRows')/fields?$select=InternalName&$top=5000
[Stub] Returning 38 fields for list: DailyRecordRows
[Stub Request] GET /sites/demo/_api/web/lists/getbytitle('SupportRecord_Daily')/items?$filter=RecordDate%20ge%20%272026-10-09%27%20and%20RecordDate%20lt%20%272026-10-10%27&$select=Id,Title,RecordDate
[Stub Request] GET /sites/demo/_api/web/lists/getbytitle('DailyRecordRows')/items?$filter=Parent_x0020_ID%20eq%201&$select=Id,Title,Created,Modified,Parent_x0020_ID,User_x0020_ID,Status,Payload,Recorded_x0020_At,RowNo,Memo,StaffName,BipsJSON
Saved Request Payload: {"Title":"2026-10-09-U-023-procedure-2","Parent_x0020_ID":1,"User_x0020_ID":"U-023","Status":"completed","Recorded_x0020_At":"2026-10-09T03:04:02.309Z","RowNo":2}
  ✓   4 [chromium] › tests/e2e/kiosk-procedure-detail.spec.ts:90:7 › Kiosk Procedure Detail › should save second procedure without colliding with first procedure record (5.1s)
[Stub Request] GET /sites/demo/_api/web/lists/getbytitle('Diagnostics_Reports')/fields?$select=InternalName,TypeAsString,Required,Indexed&$top=5000
[Stub] Auto-created state for list: Diagnostics_Reports
[Stub] Returning 33 fields for list: Diagnostics_Reports
[Stub Request] GET /sites/demo/_api/web/lists?$select=Title,Id
[Stub Request] GET /sites/demo/_api/web/lists/getbytitle('Users_Master')/fields?$select=InternalName&$top=5000
[Stub] Returning 59 fields for list: Users_Master
[Stub Request] GET /sites/demo/_api/web/lists/getbytitle('SupportPlanningSheet_Master')/fields?$select=InternalName&$top=5000
[Stub] Auto-created state for list: SupportPlanningSheet_Master
[Stub] Returning 52 fields for list: SupportPlanningSheet_Master
[Stub Request] GET /sites/demo/_api/web/lists/getbytitle('SupportRecord_Daily')/fields?$select=InternalName&$top=5000
[Stub] Returning 17 fields for list: SupportRecord_Daily
[Stub Request] GET /sites/demo/_api/web/lists/getbytitle('UserTransport_Settings')/fields?$select=InternalName&$top=5000
[Stub] Auto-created state for list: UserTransport_Settings
[Stub] Returning 59 fields for list: UserTransport_Settings
[Stub Request] GET /sites/demo/_api/web/lists/getbytitle('UserBenefit_Profile')/fields?$select=InternalName&$top=5000
[Stub] Auto-created state for list: UserBenefit_Profile
[Stub] Returning 59 fields for list: UserBenefit_Profile
[Stub Request] GET /sites/demo/_api/web/lists/getbytitle('UserBenefit_Profile_Ext')/fields?$select=InternalName&$top=5000
[Stub] Auto-created state for list: UserBenefit_Profile_Ext
[Stub] Returning 59 fields for list: UserBenefit_Profile_Ext
[Stub Request] GET /sites/demo/_api/web/lists/getbytitle('SupportPlanningSheet_Master')/items?%24filter=UserCode+eq+%276%27+and+IsCurrent+eq+true&%24orderby=Created+desc&%24top=100
[Stub Request] GET /sites/demo/_api/web/lists/getbytitle('Users_Master')/items(6)?%24select=Id%2CTitle%2CModified%2CCreated%2CUserID%2CUserCode%2CFullName%2CFurigana%2CFullNameKana%2CContractDate%2CServiceStartDate%2CServiceEndDate%2CIsHighIntensitySupportTarget%2CIsSupportProcedureTarget%2CIsActive%2CUsageStatus%2CAttendanceDays
[Stub Request] GET /sites/demo/_api/web/lists/getbytitle('Users_Master')/items(6)?%24select=Id%2CTitle%2CModified%2CCreated%2CUserID%2CUserCode%2CFullName%2CFurigana%2CFullNameKana%2CContractDate%2CServiceStartDate%2CServiceEndDate%2CIsHighIntensitySupportTarget%2CIsSupportProcedureTarget%2CIsActive%2CUsageStatus%2CAttendanceDays
[Stub Request] GET /sites/demo/_api/web/lists/getbytitle('Users_Master')/items?%24select=Id%2CTitle%2CModified%2CCreated%2CUserID%2CUserCode%2CFullName%2CFurigana%2CFullNameKana%2CContractDate%2CServiceStartDate%2CServiceEndDate%2CIsHighIntensitySupportTarget%2CIsSupportProcedureTarget%2CIsActive%2CUsageStatus%2CAttendanceDays&%24orderby=ID+asc&%24top=200
[Stub Request] GET /sites/demo/_api/web/lists/getbytitle('Users_Master')/items?%24select=Id%2CTitle%2CModified%2CCreated%2CUserID%2CUserCode%2CFullName%2CFurigana%2CFullNameKana%2CContractDate%2CServiceStartDate%2CServiceEndDate%2CIsHighIntensitySupportTarget%2CIsSupportProcedureTarget%2CIsActive%2CUsageStatus%2CAttendanceDays&%24orderby=ID+asc&%24top=200
[Stub Request] GET /sites/demo/_api/web/lists/getbytitle('SupportPlanningSheet_Master')/items?%24filter=UserCode+eq+%27I005%27+and+IsCurrent+eq+true&%24orderby=Created+desc&%24top=100
[Stub Request] GET /sites/demo/_api/web/lists/getbytitle('DailyRecordRows')/fields?$select=InternalName&$top=5000
[Stub] Returning 20 fields for list: DailyRecordRows
[Stub Request] GET /sites/demo/_api/web/lists/getbytitle('SupportRecord_Daily')/items?$filter=RecordDate%20ge%20%272026-10-09%27%20and%20RecordDate%20lt%20%272026-10-10%27&$select=Id,Title,RecordDate
[Stub Request] GET /sites/demo/_api/web/lists/getbytitle('SupportRecord_Daily')/items?$filter=RecordDate%20ge%20%272026-10-09%27%20and%20RecordDate%20lt%20%272026-10-10%27&$select=Id,Title,RecordDate
[Stub Request] GET /sites/demo/_api/web/lists/getbytitle('SupportRecord_Daily')/items?$filter=RecordDate%20ge%20%272026-10-09%27%20and%20RecordDate%20lt%20%272026-10-10%27&$select=Id,Title,RecordDate
[Stub Request] GET /sites/demo/_api/web/lists/getbytitle('SupportRecord_Daily')/items?$filter=RecordDate%20ge%20%272026-10-09%27%20and%20RecordDate%20lt%20%272026-10-10%27&$select=Id,Title,RecordDate
[Stub Request] GET /sites/demo/_api/web/lists/getbytitle('SupportRecord_Daily')/items?$filter=RecordDate%20ge%20%272026-10-09%27%20and%20RecordDate%20lt%20%272026-10-10%27&$select=Id,Title,RecordDate
[Stub Request] GET /sites/demo/_api/web/lists/getbytitle('SupportRecord_Daily')/items?$filter=RecordDate%20ge%20%272026-10-09%27%20and%20RecordDate%20lt%20%272026-10-10%27&$select=Id,Title,RecordDate
[Stub Request] GET /sites/demo/_api/web/lists/getbytitle('SupportRecord_Daily')/items?$filter=RecordDate%20ge%20%272026-10-09%27%20and%20RecordDate%20lt%20%272026-10-10%27&$select=Id,Title,RecordDate
[Stub Request] GET /sites/demo/_api/web/lists/getbytitle('Users_Master')/items(6)?%24select=Id%2CTitle%2CModified%2CCreated%2CUserID%2CUserCode%2CFullName%2CFurigana%2CFullNameKana%2CContractDate%2CServiceStartDate%2CServiceEndDate%2CIsHighIntensitySupportTarget%2CIsSupportProcedureTarget%2CIsActive%2CUsageStatus%2CAttendanceDays
[Stub Request] GET /sites/demo/_api/web/lists/getbytitle('Users_Master')/items(6)?%24select=Id%2CTitle%2CModified%2CCreated%2CUserID%2CUserCode%2CFullName%2CFurigana%2CFullNameKana%2CContractDate%2CServiceStartDate%2CServiceEndDate%2CIsHighIntensitySupportTarget%2CIsSupportProcedureTarget%2CIsActive%2CUsageStatus%2CAttendanceDays
[Stub Request] GET /sites/demo/_api/web/lists?$select=Title,Id
[Stub Request] GET /sites/demo/_api/web/lists/getbytitle('SupportRecord_Daily')/items?$filter=RecordDate%20ge%20%272026-10-09%27%20and%20RecordDate%20lt%20%272026-10-10%27&$select=Id,Title,RecordDate
[Stub Request] GET /sites/demo/_api/web/lists/getbytitle('SupportRecord_Daily')/items?$filter=RecordDate%20ge%20%272026-10-09%27%20and%20RecordDate%20lt%20%272026-10-10%27&$select=Id,Title,RecordDate
[Stub Request] GET /sites/demo/_api/web/lists/getbytitle('SupportRecord_Daily')/items?$filter=RecordDate%20ge%20%272026-10-09%27%20and%20RecordDate%20lt%20%272026-10-10%27&$select=Id,Title,RecordDate
[Stub Request] GET /sites/demo/_api/web/lists/getbytitle('SupportRecord_Daily')/items?$filter=RecordDate%20ge%20%272026-10-09%27%20and%20RecordDate%20lt%20%272026-10-10%27&$select=Id,Title,RecordDate
[Stub Request] GET /sites/demo/_api/web/lists/getbytitle('SupportRecord_Daily')/items?$filter=RecordDate%20ge%20%272026-10-09%27%20and%20RecordDate%20lt%20%272026-10-10%27&$select=Id,Title,RecordDate
[Stub Request] GET /sites/demo/_api/web/lists/getbytitle('SupportRecord_Daily')/items?$filter=RecordDate%20ge%20%272026-10-09%27%20and%20RecordDate%20lt%20%272026-10-10%27&$select=Id,Title,RecordDate
[Stub Request] GET /sites/demo/_api/web/lists/getbytitle('SupportRecord_Daily')/items?$filter=RecordDate%20ge%20%272026-10-09%27%20and%20RecordDate%20lt%20%272026-10-10%27&$select=Id,Title,RecordDate
[Stub Request] GET /sites/demo/_api/web/lists/getbytitle('SupportRecord_Daily')/items?$filter=RecordDate%20ge%20%272026-10-09%27%20and%20RecordDate%20lt%20%272026-10-10%27&$select=Id,Title,RecordDate
[Stub Request] GET /sites/demo/_api/web/lists/getbytitle('SupportRecord_Daily')/items?$filter=RecordDate%20ge%20%272026-10-09%27%20and%20RecordDate%20lt%20%272026-10-10%27&$select=Id,Title,RecordDate
[Stub Request] GET /sites/demo/_api/web/lists/getbytitle('SupportRecord_Daily')/items?$filter=RecordDate%20ge%20%272026-10-09%27%20and%20RecordDate%20lt%20%272026-10-10%27&$select=Id,Title,RecordDate
[Stub Request] GET /sites/demo/_api/web/lists/getbytitle('SupportRecord_Daily')/items?$filter=RecordDate%20ge%20%272026-10-09%27%20and%20RecordDate%20lt%20%272026-10-10%27&$select=Id,Title,RecordDate
[Stub Request] GET /sites/demo/_api/web/lists/getbytitle('SupportRecord_Daily')/items?$filter=RecordDate%20ge%20%272026-10-09%27%20and%20RecordDate%20lt%20%272026-10-10%27&$select=Id,Title,RecordDate
[Stub Request] GET /sites/demo/_api/web/lists/getbytitle('SupportRecord_Daily')/items?$filter=RecordDate%20ge%20%272026-10-09%27%20and%20RecordDate%20lt%20%272026-10-10%27&$select=Id,Title,RecordDate
[Stub Request] GET /sites/demo/_api/web/lists/getbytitle('SupportRecord_Daily')/items?$filter=RecordDate%20ge%20%272026-10-09%27%20and%20RecordDate%20lt%20%272026-10-10%27&$select=Id,Title,RecordDate
[Stub Request] GET /sites/demo/_api/web/lists/getbytitle('SupportRecord_Daily')/items?$filter=RecordDate%20ge%20%272026-10-09%27%20and%20RecordDate%20lt%20%272026-10-10%27&$select=Id,Title,RecordDate
[Stub Request] GET /sites/demo/_api/web/lists/getbytitle('SupportRecord_Daily')/items?$filter=RecordDate%20ge%20%272026-10-09%27%20and%20RecordDate%20lt%20%272026-10-10%27&$select=Id,Title,RecordDate
[Stub Request] GET /sites/demo/_api/web/lists/getbytitle('SupportRecord_Daily')/items?$filter=RecordDate%20ge%20%272026-10-09%27%20and%20RecordDate%20lt%20%272026-10-10%27&$select=Id,Title,RecordDate
[Stub Request] GET /sites/demo/_api/web/lists/getbytitle('SupportRecord_Daily')/items?$filter=RecordDate%20ge%20%272026-10-09%27%20and%20RecordDate%20lt%20%272026-10-10%27&$select=Id,Title,RecordDate
[Stub Request] GET /sites/demo/_api/web/lists/getbytitle('SupportRecord_Daily')/items?$filter=RecordDate%20ge%20%272026-10-09%27%20and%20RecordDate%20lt%20%272026-10-10%27&$select=Id,Title,RecordDate
[Stub Request] GET /sites/demo/_api/web/lists/getbytitle('SupportRecord_Daily')/items?$filter=RecordDate%20ge%20%272026-10-09%27%20and%20RecordDate%20lt%20%272026-10-10%27&$select=Id,Title,RecordDate
[Stub Request] GET /sites/demo/_api/web/lists/getbytitle('SupportRecord_Daily')/items?$filter=RecordDate%20ge%20%272026-10-09%27%20and%20RecordDate%20lt%20%272026-10-10%27&$select=Id,Title,RecordDate
[Stub Request] GET /sites/demo/_api/web/lists/getbytitle('SupportRecord_Daily')/items?$filter=RecordDate%20ge%20%272026-10-09%27%20and%20RecordDate%20lt%20%272026-10-10%27&$select=Id,Title,RecordDate
[Stub Request] GET /sites/demo/_api/web/lists/getbytitle('SupportRecord_Daily')/items?$filter=RecordDate%20ge%20%272026-10-09%27%20and%20RecordDate%20lt%20%272026-10-10%27&$select=Id,Title,RecordDate
[Stub Request] GET /sites/demo/_api/web/lists/getbytitle('SupportRecord_Daily')/items?$filter=RecordDate%20ge%20%272026-10-09%27%20and%20RecordDate%20lt%20%272026-10-10%27&$select=Id,Title,RecordDate
[Stub Request] GET /sites/demo/_api/web/lists/getbytitle('SupportRecord_Daily')/items?$filter=RecordDate%20ge%20%272026-10-09%27%20and%20RecordDate%20lt%20%272026-10-10%27&$select=Id,Title,RecordDate
[Stub Request] GET /sites/demo/_api/web/lists/getbytitle('SupportRecord_Daily')/items?$filter=RecordDate%20ge%20%272026-10-09%27%20and%20RecordDate%20lt%20%272026-10-10%27&$select=Id,Title,RecordDate
[Stub Request] GET /sites/demo/_api/web/lists/getbytitle('SupportRecord_Daily')/items?$filter=RecordDate%20ge%20%272026-10-09%27%20and%20RecordDate%20lt%20%272026-10-10%27&$select=Id,Title,RecordDate
[Stub Request] GET /sites/demo/_api/web/lists/getbytitle('SupportRecord_Daily')/items?$filter=RecordDate%20ge%20%272026-10-09%27%20and%20RecordDate%20lt%20%272026-10-10%27&$select=Id,Title,RecordDate
[Stub Request] GET /sites/demo/_api/web/lists/getbytitle('SupportRecord_Daily')/items?$filter=RecordDate%20ge%20%272026-10-09%27%20and%20RecordDate%20lt%20%272026-10-10%27&$select=Id,Title,RecordDate
[Stub Request] GET /sites/demo/_api/web/lists/getbytitle('SupportRecord_Daily')/items?$filter=RecordDate%20ge%20%272026-10-09%27%20and%20RecordDate%20lt%20%272026-10-10%27&$select=Id,Title,RecordDate
[Stub Request] GET /sites/demo/_api/web/lists/getbytitle('SupportRecord_Daily')/items?$filter=RecordDate%20ge%20%272026-10-09%27%20and%20RecordDate%20lt%20%272026-10-10%27&$select=Id,Title,RecordDate
[Stub Request] GET /sites/demo/_api/web/lists/getbytitle('SupportRecord_Daily')/items?$filter=RecordDate%20ge%20%272026-10-09%27%20and%20RecordDate%20lt%20%272026-10-10%27&$select=Id,Title,RecordDate
[Stub Request] GET /sites/demo/_api/web/lists/getbytitle('SupportRecord_Daily')/items?$filter=RecordDate%20ge%20%272026-10-09%27%20and%20RecordDate%20lt%20%272026-10-10%27&$select=Id,Title,RecordDate
[Stub Request] GET /sites/demo/_api/web/lists/getbytitle('SupportRecord_Daily')/items?$filter=RecordDate%20ge%20%272026-10-09%27%20and%20RecordDate%20lt%20%272026-10-10%27&$select=Id,Title,RecordDate
[Stub Request] GET /sites/demo/_api/web/lists/getbytitle('SupportRecord_Daily')/items?$filter=RecordDate%20ge%20%272026-10-09%27%20and%20RecordDate%20lt%20%272026-10-10%27&$select=Id,Title,RecordDate
[Stub Request] GET /sites/demo/_api/web/lists/getbytitle('SupportRecord_Daily')/items?$filter=RecordDate%20ge%20%272026-10-09%27%20and%20RecordDate%20lt%20%272026-10-10%27&$select=Id,Title,RecordDate
[Stub Request] GET /sites/demo/_api/web/lists/getbytitle('SupportRecord_Daily')/items?$filter=RecordDate%20ge%20%272026-10-09%27%20and%20RecordDate%20lt%20%272026-10-10%27&$select=Id,Title,RecordDate
[Stub Request] GET /sites/demo/_api/web/lists/getbytitle('SupportRecord_Daily')/items?$filter=RecordDate%20ge%20%272026-10-09%27%20and%20RecordDate%20lt%20%272026-10-10%27&$select=Id,Title,RecordDate
[Stub Request] GET /sites/demo/_api/web/lists/getbytitle('SupportRecord_Daily')/items?$filter=RecordDate%20ge%20%272026-10-09%27%20and%20RecordDate%20lt%20%272026-10-10%27&$select=Id,Title,RecordDate
[Stub Request] GET /sites/demo/_api/web/lists/getbytitle('SupportRecord_Daily')/items?$filter=RecordDate%20ge%20%272026-10-09%27%20and%20RecordDate%20lt%20%272026-10-10%27&$select=Id,Title,RecordDate
[Stub Request] GET /sites/demo/_api/web/lists/getbytitle('SupportRecord_Daily')/items?$filter=RecordDate%20ge%20%272026-10-09%27%20and%20RecordDate%20lt%20%272026-10-10%27&$select=Id,Title,RecordDate
[Stub Request] GET /sites/demo/_api/web/lists/getbytitle('SupportRecord_Daily')/items?$filter=RecordDate%20ge%20%272026-10-09%27%20and%20RecordDate%20lt%20%272026-10-10%27&$select=Id,Title,RecordDate
[Stub Request] GET /sites/demo/_api/web/lists/getbytitle('SupportRecord_Daily')/items?$filter=RecordDate%20ge%20%272026-10-09%27%20and%20RecordDate%20lt%20%272026-10-10%27&$select=Id,Title,RecordDate
[Stub Request] GET /sites/demo/_api/web/lists/getbytitle('SupportRecord_Daily')/items?$filter=RecordDate%20ge%20%272026-10-09%27%20and%20RecordDate%20lt%20%272026-10-10%27&$select=Id,Title,RecordDate
[Stub Request] GET /sites/demo/_api/web/lists/getbytitle('SupportRecord_Daily')/items?$filter=RecordDate%20ge%20%272026-10-09%27%20and%20RecordDate%20lt%20%272026-10-10%27&$select=Id,Title,RecordDate
[Stub Request] GET /sites/demo/_api/web/lists/getbytitle('SupportRecord_Daily')/items?$filter=RecordDate%20ge%20%272026-10-09%27%20and%20RecordDate%20lt%20%272026-10-10%27&$select=Id,Title,RecordDate
[Stub Request] GET /sites/demo/_api/web/lists/getbytitle('SupportRecord_Daily')/items?$filter=RecordDate%20ge%20%272026-10-09%27%20and%20RecordDate%20lt%20%272026-10-10%27&$select=Id,Title,RecordDate
[Stub Request] GET /sites/demo/_api/web/lists/getbytitle('SupportRecord_Daily')/items?$filter=RecordDate%20ge%20%272026-10-09%27%20and%20RecordDate%20lt%20%272026-10-10%27&$select=Id,Title,RecordDate
[Stub Request] GET /sites/demo/_api/web/lists/getbytitle('SupportRecord_Daily')/items?$filter=RecordDate%20ge%20%272026-10-09%27%20and%20RecordDate%20lt%20%272026-10-10%27&$select=Id,Title,RecordDate
[Stub Request] GET /sites/demo/_api/web/lists/getbytitle('SupportRecord_Daily')/items?$filter=RecordDate%20ge%20%272026-10-09%27%20and%20RecordDate%20lt%20%272026-10-10%27&$select=Id,Title,RecordDate
[Stub Request] GET /sites/demo/_api/web/lists/getbytitle('SupportRecord_Daily')/items?$filter=RecordDate%20ge%20%272026-10-09%27%20and%20RecordDate%20lt%20%272026-10-10%27&$select=Id,Title,RecordDate
[Stub Request] GET /sites/demo/_api/web/lists/getbytitle('SupportRecord_Daily')/items?$filter=RecordDate%20ge%20%272026-10-09%27%20and%20RecordDate%20lt%20%272026-10-10%27&$select=Id,Title,RecordDate
[Stub Request] GET /sites/demo/_api/web/lists/getbytitle('SupportRecord_Daily')/items?$filter=RecordDate%20ge%20%272026-10-09%27%20and%20RecordDate%20lt%20%272026-10-10%27&$select=Id,Title,RecordDate
[Stub Request] GET /sites/demo/_api/web/lists/getbytitle('SupportRecord_Daily')/items?$filter=RecordDate%20ge%20%272026-10-09%27%20and%20RecordDate%20lt%20%272026-10-10%27&$select=Id,Title,RecordDate
[Stub Request] GET /sites/demo/_api/web/lists/getbytitle('SupportRecord_Daily')/items?$filter=RecordDate%20ge%20%272026-10-09%27%20and%20RecordDate%20lt%20%272026-10-10%27&$select=Id,Title,RecordDate
[Stub Request] GET /sites/demo/_api/web/lists/getbytitle('SupportRecord_Daily')/items?$filter=RecordDate%20ge%20%272026-10-09%27%20and%20RecordDate%20lt%20%272026-10-10%27&$select=Id,Title,RecordDate
[Stub Request] GET /sites/demo/_api/web/lists/getbytitle('SupportRecord_Daily')/items?$filter=RecordDate%20ge%20%272026-10-09%27%20and%20RecordDate%20lt%20%272026-10-10%27&$select=Id,Title,RecordDate
[Stub Request] GET /sites/demo/_api/web/lists/getbytitle('SupportRecord_Daily')/items?$filter=RecordDate%20ge%20%272026-10-09%27%20and%20RecordDate%20lt%20%272026-10-10%27&$select=Id,Title,RecordDate
[Stub Request] GET /sites/demo/_api/web/lists/getbytitle('SupportRecord_Daily')/items?$filter=RecordDate%20ge%20%272026-10-09%27%20and%20RecordDate%20lt%20%272026-10-10%27&$select=Id,Title,RecordDate
[Stub Request] GET /sites/demo/_api/web/lists/getbytitle('SupportRecord_Daily')/items?$filter=RecordDate%20ge%20%272026-10-09%27%20and%20RecordDate%20lt%20%272026-10-10%27&$select=Id,Title,RecordDate
[Stub Request] GET /sites/demo/_api/web/lists/getbytitle('SupportRecord_Daily')/items?$filter=RecordDate%20ge%20%272026-10-09%27%20and%20RecordDate%20lt%20%272026-10-10%27&$select=Id,Title,RecordDate
[Stub Request] GET /sites/demo/_api/web/lists/getbytitle('SupportRecord_Daily')/items?$filter=RecordDate%20ge%20%272026-10-09%27%20and%20RecordDate%20lt%20%272026-10-10%27&$select=Id,Title,RecordDate
[Stub Request] GET /sites/demo/_api/web/lists/getbytitle('SupportRecord_Daily')/items?$filter=RecordDate%20ge%20%272026-10-09%27%20and%20RecordDate%20lt%20%272026-10-10%27&$select=Id,Title,RecordDate
[Stub Request] GET /sites/demo/_api/web/lists/getbytitle('SupportRecord_Daily')/items?$filter=RecordDate%20ge%20%272026-10-09%27%20and%20RecordDate%20lt%20%272026-10-10%27&$select=Id,Title,RecordDate
[Stub Request] GET /sites/demo/_api/web/lists/getbytitle('SupportRecord_Daily')/items?$filter=RecordDate%20ge%20%272026-10-09%27%20and%20RecordDate%20lt%20%272026-10-10%27&$select=Id,Title,RecordDate
[Stub Request] GET /sites/demo/_api/web/lists/getbytitle('SupportRecord_Daily')/items?$filter=RecordDate%20ge%20%272026-10-09%27%20and%20RecordDate%20lt%20%272026-10-10%27&$select=Id,Title,RecordDate
[Stub Request] GET /sites/demo/_api/web/lists/getbytitle('SupportRecord_Daily')/items?$filter=RecordDate%20ge%20%272026-10-09%27%20and%20RecordDate%20lt%20%272026-10-10%27&$select=Id,Title,RecordDate
[Stub Request] GET /sites/demo/_api/web/lists/getbytitle('SupportRecord_Daily')/items?$filter=RecordDate%20ge%20%272026-10-09%27%20and%20RecordDate%20lt%20%272026-10-10%27&$select=Id,Title,RecordDate
[Stub Request] GET /sites/demo/_api/web/lists/getbytitle('SupportRecord_Daily')/items?$filter=RecordDate%20ge%20%272026-10-09%27%20and%20RecordDate%20lt%20%272026-10-10%27&$select=Id,Title,RecordDate
[Stub Request] GET /sites/demo/_api/web/lists/getbytitle('SupportRecord_Daily')/items?$filter=RecordDate%20ge%20%272026-10-09%27%20and%20RecordDate%20lt%20%272026-10-10%27&$select=Id,Title,RecordDate
[Stub Request] GET /sites/demo/_api/web/lists/getbytitle('SupportRecord_Daily')/items?$filter=RecordDate%20ge%20%272026-10-09%27%20and%20RecordDate%20lt%20%272026-10-10%27&$select=Id,Title,RecordDate
[Stub Request] GET /sites/demo/_api/web/lists/getbytitle('SupportRecord_Daily')/items?$filter=RecordDate%20ge%20%272026-10-09%27%20and%20RecordDate%20lt%20%272026-10-10%27&$select=Id,Title,RecordDate
[Stub Request] GET /sites/demo/_api/web/lists/getbytitle('SupportRecord_Daily')/items?$filter=RecordDate%20ge%20%272026-10-09%27%20and%20RecordDate%20lt%20%272026-10-10%27&$select=Id,Title,RecordDate
[Stub Request] GET /sites/demo/_api/web/lists/getbytitle('SupportRecord_Daily')/items?$filter=RecordDate%20ge%20%272026-10-09%27%20and%20RecordDate%20lt%20%272026-10-10%27&$select=Id,Title,RecordDate
[Stub Request] GET /sites/demo/_api/web/lists/getbytitle('SupportRecord_Daily')/items?$filter=RecordDate%20ge%20%272026-10-09%27%20and%20RecordDate%20lt%20%272026-10-10%27&$select=Id,Title,RecordDate
[Stub Request] GET /sites/demo/_api/web/lists/getbytitle('SupportRecord_Daily')/items?$filter=RecordDate%20ge%20%272026-10-09%27%20and%20RecordDate%20lt%20%272026-10-10%27&$select=Id,Title,RecordDate
[Stub Request] GET /sites/demo/_api/web/lists/getbytitle('SupportRecord_Daily')/items?$filter=RecordDate%20ge%20%272026-10-09%27%20and%20RecordDate%20lt%20%272026-10-10%27&$select=Id,Title,RecordDate
[Stub Request] GET /sites/demo/_api/web/lists/getbytitle('SupportRecord_Daily')/items?$filter=RecordDate%20ge%20%272026-10-09%27%20and%20RecordDate%20lt%20%272026-10-10%27&$select=Id,Title,RecordDate
[Stub Request] GET /sites/demo/_api/web/lists/getbytitle('SupportRecord_Daily')/items?$filter=RecordDate%20ge%20%272026-10-09%27%20and%20RecordDate%20lt%20%272026-10-10%27&$select=Id,Title,RecordDate
[Stub Request] GET /sites/demo/_api/web/lists/getbytitle('SupportRecord_Daily')/items?$filter=RecordDate%20ge%20%272026-10-09%27%20and%20RecordDate%20lt%20%272026-10-10%27&$select=Id,Title,RecordDate
[Stub Request] GET /sites/demo/_api/web/lists/getbytitle('SupportRecord_Daily')/items?$filter=RecordDate%20ge%20%272026-10-09%27%20and%20RecordDate%20lt%20%272026-10-10%27&$select=Id,Title,RecordDate
[Stub Request] GET /sites/demo/_api/web/lists/getbytitle('SupportRecord_Daily')/items?$filter=RecordDate%20ge%20%272026-10-09%27%20and%20RecordDate%20lt%20%272026-10-10%27&$select=Id,Title,RecordDate
[Stub Request] GET /sites/demo/_api/web/lists/getbytitle('SupportRecord_Daily')/items?$filter=RecordDate%20ge%20%272026-10-09%27%20and%20RecordDate%20lt%20%272026-10-10%27&$select=Id,Title,RecordDate
[Stub Request] GET /sites/demo/_api/web/lists/getbytitle('SupportRecord_Daily')/items?$filter=RecordDate%20ge%20%272026-10-09%27%20and%20RecordDate%20lt%20%272026-10-10%27&$select=Id,Title,RecordDate
[Stub Request] GET /sites/demo/_api/web/lists/getbytitle('SupportRecord_Daily')/items?$filter=RecordDate%20ge%20%272026-10-09%27%20and%20RecordDate%20lt%20%272026-10-10%27&$select=Id,Title,RecordDate
[Stub Request] GET /sites/demo/_api/web/lists/getbytitle('SupportRecord_Daily')/items?$filter=RecordDate%20ge%20%272026-10-09%27%20and%20RecordDate%20lt%20%272026-10-10%27&$select=Id,Title,RecordDate
[Stub Request] GET /sites/demo/_api/web/lists/getbytitle('SupportRecord_Daily')/items?$filter=RecordDate%20ge%20%272026-10-09%27%20and%20RecordDate%20lt%20%272026-10-10%27&$select=Id,Title,RecordDate
[Stub Request] GET /sites/demo/_api/web/lists/getbytitle('SupportRecord_Daily')/items?$filter=RecordDate%20ge%20%272026-10-09%27%20and%20RecordDate%20lt%20%272026-10-10%27&$select=Id,Title,RecordDate
[Stub Request] GET /sites/demo/_api/web/lists/getbytitle('SupportRecord_Daily')/items?$filter=RecordDate%20ge%20%272026-10-09%27%20and%20RecordDate%20lt%20%272026-10-10%27&$select=Id,Title,RecordDate
[Stub Request] GET /sites/demo/_api/web/lists/getbytitle('SupportRecord_Daily')/items?$filter=RecordDate%20ge%20%272026-10-09%27%20and%20RecordDate%20lt%20%272026-10-10%27&$select=Id,Title,RecordDate
[Stub Request] GET /sites/demo/_api/web/lists/getbytitle('SupportRecord_Daily')/items?$filter=RecordDate%20ge%20%272026-10-09%27%20and%20RecordDate%20lt%20%272026-10-10%27&$select=Id,Title,RecordDate
[Stub Request] GET /sites/demo/_api/web/lists/getbytitle('SupportRecord_Daily')/items?$filter=RecordDate%20ge%20%272026-10-09%27%20and%20RecordDate%20lt%20%272026-10-10%27&$select=Id,Title,RecordDate
[Stub Request] GET /sites/demo/_api/web/lists/getbytitle('SupportRecord_Daily')/items?$filter=RecordDate%20ge%20%272026-10-09%27%20and%20RecordDate%20lt%20%272026-10-10%27&$select=Id,Title,RecordDate
[Stub Request] GET /sites/demo/_api/web/lists/getbytitle('SupportRecord_Daily')/items?$filter=RecordDate%20ge%20%272026-10-09%27%20and%20RecordDate%20lt%20%272026-10-10%27&$select=Id,Title,RecordDate
[Stub Request] GET /sites/demo/_api/web/lists/getbytitle('SupportRecord_Daily')/items?$filter=RecordDate%20ge%20%272026-10-09%27%20and%20RecordDate%20lt%20%272026-10-10%27&$select=Id,Title,RecordDate
[Stub Request] GET /sites/demo/_api/web/lists/getbytitle('SupportRecord_Daily')/items?$filter=RecordDate%20ge%20%272026-10-09%27%20and%20RecordDate%20lt%20%272026-10-10%27&$select=Id,Title,RecordDate
[Stub Request] GET /sites/demo/_api/web/lists/getbytitle('SupportRecord_Daily')/items?$filter=RecordDate%20ge%20%272026-10-09%27%20and%20RecordDate%20lt%20%272026-10-10%27&$select=Id,Title,RecordDate
[Stub Request] GET /sites/demo/_api/web/lists/getbytitle('SupportRecord_Daily')/items?$filter=RecordDate%20ge%20%272026-10-09%27%20and%20RecordDate%20lt%20%272026-10-10%27&$select=Id,Title,RecordDate
[Stub Request] GET /sites/demo/_api/web/lists/getbytitle('SupportRecord_Daily')/items?$filter=RecordDate%20ge%20%272026-10-09%27%20and%20RecordDate%20lt%20%272026-10-10%27&$select=Id,Title,RecordDate
[Stub Request] GET /sites/demo/_api/web/lists/getbytitle('SupportRecord_Daily')/items?$filter=RecordDate%20ge%20%272026-10-09%27%20and%20RecordDate%20lt%20%272026-10-10%27&$select=Id,Title,RecordDate
[Stub Request] GET /sites/demo/_api/web/lists/getbytitle('SupportRecord_Daily')/items?$filter=RecordDate%20ge%20%272026-10-09%27%20and%20RecordDate%20lt%20%272026-10-10%27&$select=Id,Title,RecordDate
[Stub Request] GET /sites/demo/_api/web/lists/getbytitle('SupportRecord_Daily')/items?$filter=RecordDate%20ge%20%272026-10-09%27%20and%20RecordDate%20lt%20%272026-10-10%27&$select=Id,Title,RecordDate
[Stub Request] GET /sites/demo/_api/web/lists/getbytitle('SupportRecord_Daily')/items?$filter=RecordDate%20ge%20%272026-10-09%27%20and%20RecordDate%20lt%20%272026-10-10%27&$select=Id,Title,RecordDate
[Stub Request] GET /sites/demo/_api/web/lists/getbytitle('SupportRecord_Daily')/items?$filter=RecordDate%20ge%20%272026-10-09%27%20and%20RecordDate%20lt%20%272026-10-10%27&$select=Id,Title,RecordDate
[Stub Request] GET /sites/demo/_api/web/lists/getbytitle('SupportRecord_Daily')/items?$filter=RecordDate%20ge%20%272026-10-09%27%20and%20RecordDate%20lt%20%272026-10-10%27&$select=Id,Title,RecordDate
[Stub Request] GET /sites/demo/_api/web/lists/getbytitle('SupportRecord_Daily')/items?$filter=RecordDate%20ge%20%272026-10-09%27%20and%20RecordDate%20lt%20%272026-10-10%27&$select=Id,Title,RecordDate
[Stub Request] GET /sites/demo/_api/web/lists/getbytitle('SupportRecord_Daily')/items?$filter=RecordDate%20ge%20%272026-10-09%27%20and%20RecordDate%20lt%20%272026-10-10%27&$select=Id,Title,RecordDate
[Stub Request] GET /sites/demo/_api/web/lists/getbytitle('SupportRecord_Daily')/items?$filter=RecordDate%20ge%20%272026-10-09%27%20and%20RecordDate%20lt%20%272026-10-10%27&$select=Id,Title,RecordDate
[Stub Request] GET /sites/demo/_api/web/lists/getbytitle('SupportRecord_Daily')/items?$filter=RecordDate%20ge%20%272026-10-09%27%20and%20RecordDate%20lt%20%272026-10-10%27&$select=Id,Title,RecordDate
[Stub Request] GET /sites/demo/_api/web/lists/getbytitle('SupportRecord_Daily')/items?$filter=RecordDate%20ge%20%272026-10-09%27%20and%20RecordDate%20lt%20%272026-10-10%27&$select=Id,Title,RecordDate
[Stub Request] GET /sites/demo/_api/web/lists/getbytitle('SupportRecord_Daily')/items?$filter=RecordDate%20ge%20%272026-10-09%27%20and%20RecordDate%20lt%20%272026-10-10%27&$select=Id,Title,RecordDate
[Stub Request] GET /sites/demo/_api/web/lists/getbytitle('SupportRecord_Daily')/items?$filter=RecordDate%20ge%20%272026-10-09%27%20and%20RecordDate%20lt%20%272026-10-10%27&$select=Id,Title,RecordDate
[Stub Request] GET /sites/demo/_api/web/lists/getbytitle('SupportRecord_Daily')/items?$filter=RecordDate%20ge%20%272026-10-09%27%20and%20RecordDate%20lt%20%272026-10-10%27&$select=Id,Title,RecordDate
[Stub Request] GET /sites/demo/_api/web/lists/getbytitle('SupportRecord_Daily')/items?$filter=RecordDate%20ge%20%272026-10-09%27%20and%20RecordDate%20lt%20%272026-10-10%27&$select=Id,Title,RecordDate
[Stub Request] GET /sites/demo/_api/web/lists/getbytitle('SupportRecord_Daily')/items?$filter=RecordDate%20ge%20%272026-10-09%27%20and%20RecordDate%20lt%20%272026-10-10%27&$select=Id,Title,RecordDate
[Stub Request] GET /sites/demo/_api/web/lists/getbytitle('SupportRecord_Daily')/items?$filter=RecordDate%20ge%20%272026-10-09%27%20and%20RecordDate%20lt%20%272026-10-10%27&$select=Id,Title,RecordDate
[Stub Request] GET /sites/demo/_api/web/lists/getbytitle('SupportRecord_Daily')/items?$filter=RecordDate%20ge%20%272026-10-09%27%20and%20RecordDate%20lt%20%272026-10-10%27&$select=Id,Title,RecordDate
[Stub Request] GET /sites/demo/_api/web/lists/getbytitle('SupportRecord_Daily')/items?$filter=RecordDate%20ge%20%272026-10-09%27%20and%20RecordDate%20lt%20%272026-10-10%27&$select=Id,Title,RecordDate
[Stub Request] GET /sites/demo/_api/web/lists/getbytitle('SupportRecord_Daily')/items?$filter=RecordDate%20ge%20%272026-10-09%27%20and%20RecordDate%20lt%20%272026-10-10%27&$select=Id,Title,RecordDate
[Stub Request] GET /sites/demo/_api/web/lists/getbytitle('SupportRecord_Daily')/items?$filter=RecordDate%20ge%20%272026-10-09%27%20and%20RecordDate%20lt%20%272026-10-10%27&$select=Id,Title,RecordDate
[Stub Request] GET /sites/demo/_api/web/lists/getbytitle('SupportRecord_Daily')/items?$filter=RecordDate%20ge%20%272026-10-09%27%20and%20RecordDate%20lt%20%272026-10-10%27&$select=Id,Title,RecordDate
[Stub Request] GET /sites/demo/_api/web/lists/getbytitle('SupportRecord_Daily')/items?$filter=RecordDate%20ge%20%272026-10-09%27%20and%20RecordDate%20lt%20%272026-10-10%27&$select=Id,Title,RecordDate
[Stub Request] GET /sites/demo/_api/web/lists/getbytitle('SupportRecord_Daily')/items?$filter=RecordDate%20ge%20%272026-10-09%27%20and%20RecordDate%20lt%20%272026-10-10%27&$select=Id,Title,RecordDate
[Stub Request] GET /sites/demo/_api/web/lists/getbytitle('SupportRecord_Daily')/items?$filter=RecordDate%20ge%20%272026-10-09%27%20and%20RecordDate%20lt%20%272026-10-10%27&$select=Id,Title,RecordDate
[Stub Request] GET /sites/demo/_api/web/lists/getbytitle('SupportRecord_Daily')/items?$filter=RecordDate%20ge%20%272026-10-09%27%20and%20RecordDate%20lt%20%272026-10-10%27&$select=Id,Title,RecordDate
[Stub Request] GET /sites/demo/_api/web/lists/getbytitle('SupportRecord_Daily')/items?$filter=RecordDate%20ge%20%272026-10-09%27%20and%20RecordDate%20lt%20%272026-10-10%27&$select=Id,Title,RecordDate
[Stub Request] GET /sites/demo/_api/web/lists/getbytitle('SupportRecord_Daily')/items?$filter=RecordDate%20ge%20%272026-10-09%27%20and%20RecordDate%20lt%20%272026-10-10%27&$select=Id,Title,RecordDate
[Stub Request] GET /sites/demo/_api/web/lists/getbytitle('SupportRecord_Daily')/items?$filter=RecordDate%20ge%20%272026-10-09%27%20and%20RecordDate%20lt%20%272026-10-10%27&$select=Id,Title,RecordDate
[Stub Request] GET /sites/demo/_api/web/lists/getbytitle('SupportRecord_Daily')/items?$filter=RecordDate%20ge%20%272026-10-09%27%20and%20RecordDate%20lt%20%272026-10-10%27&$select=Id,Title,RecordDate
[Stub Request] GET /sites/demo/_api/web/lists/getbytitle('SupportRecord_Daily')/items?$filter=RecordDate%20ge%20%272026-10-09%27%20and%20RecordDate%20lt%20%272026-10-10%27&$select=Id,Title,RecordDate
[Stub Request] GET /sites/demo/_api/web/lists/getbytitle('SupportRecord_Daily')/items?$filter=RecordDate%20ge%20%272026-10-09%27%20and%20RecordDate%20lt%20%272026-10-10%27&$select=Id,Title,RecordDate
[Stub Request] GET /sites/demo/_api/web/lists/getbytitle('SupportRecord_Daily')/items?$filter=RecordDate%20ge%20%272026-10-09%27%20and%20RecordDate%20lt%20%272026-10-10%27&$select=Id,Title,RecordDate
[Stub Request] GET /sites/demo/_api/web/lists/getbytitle('SupportRecord_Daily')/items?$filter=RecordDate%20ge%20%272026-10-09%27%20and%20RecordDate%20lt%20%272026-10-10%27&$select=Id,Title,RecordDate
[Stub Request] GET /sites/demo/_api/web/lists/getbytitle('SupportRecord_Daily')/items?$filter=RecordDate%20ge%20%272026-10-09%27%20and%20RecordDate%20lt%20%272026-10-10%27&$select=Id,Title,RecordDate
[Stub Request] GET /sites/demo/_api/web/lists/getbytitle('SupportRecord_Daily')/items?$filter=RecordDate%20ge%20%272026-10-09%27%20and%20RecordDate%20lt%20%272026-10-10%27&$select=Id,Title,RecordDate
[Stub Request] GET /sites/demo/_api/web/lists/getbytitle('SupportRecord_Daily')/items?$filter=RecordDate%20ge%20%272026-10-09%27%20and%20RecordDate%20lt%20%272026-10-10%27&$select=Id,Title,RecordDate
[Stub Request] GET /sites/demo/_api/web/lists/getbytitle('SupportRecord_Daily')/items?$filter=RecordDate%20ge%20%272026-10-09%27%20and%20RecordDate%20lt%20%272026-10-10%27&$select=Id,Title,RecordDate
[Stub Request] GET /sites/demo/_api/web/lists/getbytitle('SupportRecord_Daily')/items?$filter=RecordDate%20ge%20%272026-10-09%27%20and%20RecordDate%20lt%20%272026-10-10%27&$select=Id,Title,RecordDate
[Stub Request] GET /sites/demo/_api/web/lists/getbytitle('SupportRecord_Daily')/items?$filter=RecordDate%20ge%20%272026-10-09%27%20and%20RecordDate%20lt%20%272026-10-10%27&$select=Id,Title,RecordDate
[Stub Request] GET /sites/demo/_api/web/lists/getbytitle('SupportRecord_Daily')/items?$filter=RecordDate%20ge%20%272026-10-09%27%20and%20RecordDate%20lt%20%272026-10-10%27&$select=Id,Title,RecordDate
[Stub Request] GET /sites/demo/_api/web/lists/getbytitle('SupportRecord_Daily')/items?$filter=RecordDate%20ge%20%272026-10-09%27%20and%20RecordDate%20lt%20%272026-10-10%27&$select=Id,Title,RecordDate
[Stub Request] GET /sites/demo/_api/web/lists/getbytitle('SupportRecord_Daily')/items?$filter=Title%20eq%20%272026-10-09-I005%27&$select=Id
[Stub Request] POST /sites/demo/_api/web/lists/getbytitle('SupportRecord_Daily')/items
[Stub Request] POST /sites/demo/_api/web/lists/getbytitle('DailyRecordRows')/items
[Stub Request] GET /sites/demo/_api/web/lists?$select=Title,Id
[Stub Request] GET /sites/demo/_api/web/lists/getbytitle('SupportPlanningSheet_Master')/items?%24filter=UserCode+eq+%27I005%27+and+IsCurrent+eq+true&%24orderby=Created+desc&%24top=100
[Stub Request] GET /sites/demo/_api/web/lists/getbytitle('Users_Master')/items(6)?%24select=Id%2CTitle%2CModified%2CCreated%2CUserID%2CUserCode%2CFullName%2CFurigana%2CFullNameKana%2CContractDate%2CServiceStartDate%2CServiceEndDate%2CIsHighIntensitySupportTarget%2CIsSupportProcedureTarget%2CIsActive%2CUsageStatus%2CAttendanceDays
[Stub Request] GET /sites/demo/_api/web/lists/getbytitle('Users_Master')/items(6)?%24select=Id%2CTitle%2CModified%2CCreated%2CUserID%2CUserCode%2CFullName%2CFurigana%2CFullNameKana%2CContractDate%2CServiceStartDate%2CServiceEndDate%2CIsHighIntensitySupportTarget%2CIsSupportProcedureTarget%2CIsActive%2CUsageStatus%2CAttendanceDays
[Stub Request] GET /sites/demo/_api/web/lists/getbytitle('SupportRecord_Daily')/items?$filter=RecordDate%20ge%20%272026-10-09%27%20and%20RecordDate%20lt%20%272026-10-10%27&$select=Id,Title,RecordDate
[Stub Request] GET /sites/demo/_api/web/lists/getbytitle('SupportRecord_Daily')/items?$filter=RecordDate%20ge%20%272026-10-09%27%20and%20RecordDate%20lt%20%272026-10-10%27&$select=Id,Title,RecordDate
[Stub Request] GET /sites/demo/_api/web/lists/getbytitle('SupportRecord_Daily')/items?$filter=RecordDate%20ge%20%272026-10-09%27%20and%20RecordDate%20lt%20%272026-10-10%27&$select=Id,Title,RecordDate
[Stub Request] GET /sites/demo/_api/web/lists/getbytitle('SupportRecord_Daily')/items?$filter=RecordDate%20ge%20%272026-10-09%27%20and%20RecordDate%20lt%20%272026-10-10%27&$select=Id,Title,RecordDate
[Stub Request] GET /sites/demo/_api/web/lists/getbytitle('SupportRecord_Daily')/items?$filter=RecordDate%20ge%20%272026-10-09%27%20and%20RecordDate%20lt%20%272026-10-10%27&$select=Id,Title,RecordDate
[Stub Request] GET /sites/demo/_api/web/lists/getbytitle('SupportRecord_Daily')/items?$filter=RecordDate%20ge%20%272026-10-09%27%20and%20RecordDate%20lt%20%272026-10-10%27&$select=Id,Title,RecordDate
[Stub Request] GET /sites/demo/_api/web/lists/getbytitle('SupportRecord_Daily')/items?$filter=RecordDate%20ge%20%272026-10-09%27%20and%20RecordDate%20lt%20%272026-10-10%27&$select=Id,Title,RecordDate
[Stub Request] GET /sites/demo/_api/web/lists/getbytitle('DailyRecordRows')/items?$filter=Parent_x0020_ID%20eq%201&$select=Id,Title,Created,Modified,Parent_x0020_ID,User_x0020_ID,Status,Payload,Recorded_x0020_At,RowNo,Memo,StaffName,BipsJSON
[Stub Request] GET /sites/demo/_api/web/lists/getbytitle('DailyRecordRows')/items?$filter=Parent_x0020_ID%20eq%201&$select=Id,Title,Created,Modified,Parent_x0020_ID,User_x0020_ID,Status,Payload,Recorded_x0020_At,RowNo,Memo,StaffName,BipsJSON
[Stub Request] GET /sites/demo/_api/web/lists/getbytitle('DailyRecordRows')/items?$filter=Parent_x0020_ID%20eq%201&$select=Id,Title,Created,Modified,Parent_x0020_ID,User_x0020_ID,Status,Payload,Recorded_x0020_At,RowNo,Memo,StaffName,BipsJSON
[Stub Request] GET /sites/demo/_api/web/lists/getbytitle('DailyRecordRows')/items?$filter=Parent_x0020_ID%20eq%201&$select=Id,Title,Created,Modified,Parent_x0020_ID,User_x0020_ID,Status,Payload,Recorded_x0020_At,RowNo,Memo,StaffName,BipsJSON
[Stub Request] GET /sites/demo/_api/web/lists/getbytitle('DailyRecordRows')/items?$filter=Parent_x0020_ID%20eq%201&$select=Id,Title,Created,Modified,Parent_x0020_ID,User_x0020_ID,Status,Payload,Recorded_x0020_At,RowNo,Memo,StaffName,BipsJSON
[Stub Request] GET /sites/demo/_api/web/lists/getbytitle('DailyRecordRows')/items?$filter=Parent_x0020_ID%20eq%201&$select=Id,Title,Created,Modified,Parent_x0020_ID,User_x0020_ID,Status,Payload,Recorded_x0020_At,RowNo,Memo,StaffName,BipsJSON
[Stub Request] GET /sites/demo/_api/web/lists/getbytitle('Diagnostics_Reports')/fields?$select=InternalName,TypeAsString,Required,Indexed&$top=5000
[Stub] Returning 33 fields for list: Diagnostics_Reports
[Stub Request] GET /sites/demo/_api/web/lists?$select=Title,Id
[Stub Request] GET /sites/demo/_api/web/lists/getbytitle('Users_Master')/fields?$select=InternalName&$top=5000
[Stub] Returning 59 fields for list: Users_Master
[Stub Request] GET /sites/demo/_api/web/lists/getbytitle('SupportPlanningSheet_Master')/fields?$select=InternalName&$top=5000
[Stub] Returning 52 fields for list: SupportPlanningSheet_Master
[Stub Request] GET /sites/demo/_api/web/lists/getbytitle('SupportRecord_Daily')/fields?$select=InternalName&$top=5000
[Stub] Returning 17 fields for list: SupportRecord_Daily
[Stub Request] GET /sites/demo/_api/web/lists/getbytitle('UserTransport_Settings')/fields?$select=InternalName&$top=5000
[Stub] Returning 59 fields for list: UserTransport_Settings
[Stub Request] GET /sites/demo/_api/web/lists/getbytitle('UserBenefit_Profile')/fields?$select=InternalName&$top=5000
[Stub] Returning 59 fields for list: UserBenefit_Profile
[Stub Request] GET /sites/demo/_api/web/lists/getbytitle('UserBenefit_Profile_Ext')/fields?$select=InternalName&$top=5000
[Stub] Returning 59 fields for list: UserBenefit_Profile_Ext
[Stub Request] GET /sites/demo/_api/web/lists/getbytitle('SupportPlanningSheet_Master')/items?%24filter=UserCode+eq+%276%27+and+IsCurrent+eq+true&%24orderby=Created+desc&%24top=100
[Stub Request] GET /sites/demo/_api/web/lists/getbytitle('Users_Master')/items(6)?%24select=Id%2CTitle%2CModified%2CCreated%2CUserID%2CUserCode%2CFullName%2CFurigana%2CFullNameKana%2CContractDate%2CServiceStartDate%2CServiceEndDate%2CIsHighIntensitySupportTarget%2CIsSupportProcedureTarget%2CIsActive%2CUsageStatus%2CAttendanceDays
[Stub Request] GET /sites/demo/_api/web/lists/getbytitle('Users_Master')/items(6)?%24select=Id%2CTitle%2CModified%2CCreated%2CUserID%2CUserCode%2CFullName%2CFurigana%2CFullNameKana%2CContractDate%2CServiceStartDate%2CServiceEndDate%2CIsHighIntensitySupportTarget%2CIsSupportProcedureTarget%2CIsActive%2CUsageStatus%2CAttendanceDays
[Stub Request] GET /sites/demo/_api/web/lists/getbytitle('Users_Master')/items?%24select=Id%2CTitle%2CModified%2CCreated%2CUserID%2CUserCode%2CFullName%2CFurigana%2CFullNameKana%2CContractDate%2CServiceStartDate%2CServiceEndDate%2CIsHighIntensitySupportTarget%2CIsSupportProcedureTarget%2CIsActive%2CUsageStatus%2CAttendanceDays&%24orderby=ID+asc&%24top=200
[Stub Request] GET /sites/demo/_api/web/lists/getbytitle('Users_Master')/items?%24select=Id%2CTitle%2CModified%2CCreated%2CUserID%2CUserCode%2CFullName%2CFurigana%2CFullNameKana%2CContractDate%2CServiceStartDate%2CServiceEndDate%2CIsHighIntensitySupportTarget%2CIsSupportProcedureTarget%2CIsActive%2CUsageStatus%2CAttendanceDays&%24orderby=ID+asc&%24top=200
[Stub Request] GET /sites/demo/_api/web/lists/getbytitle('SupportPlanningSheet_Master')/items?%24filter=UserCode+eq+%27I005%27+and+IsCurrent+eq+true&%24orderby=Created+desc&%24top=100
[Stub Request] GET /sites/demo/_api/web/lists/getbytitle('DailyRecordRows')/fields?$select=InternalName&$top=5000
[Stub] Returning 20 fields for list: DailyRecordRows
[Stub Request] GET /sites/demo/_api/web/lists/getbytitle('SupportRecord_Daily')/items?$filter=RecordDate%20ge%20%272026-10-09%27%20and%20RecordDate%20lt%20%272026-10-10%27&$select=Id,Title,RecordDate
[Stub Request] GET /sites/demo/_api/web/lists/getbytitle('SupportRecord_Daily')/items?$filter=RecordDate%20ge%20%272026-10-09%27%20and%20RecordDate%20lt%20%272026-10-10%27&$select=Id,Title,RecordDate
[Stub Request] GET /sites/demo/_api/web/lists/getbytitle('SupportRecord_Daily')/items?$filter=RecordDate%20ge%20%272026-10-09%27%20and%20RecordDate%20lt%20%272026-10-10%27&$select=Id,Title,RecordDate
[Stub Request] GET /sites/demo/_api/web/lists/getbytitle('SupportRecord_Daily')/items?$filter=RecordDate%20ge%20%272026-10-09%27%20and%20RecordDate%20lt%20%272026-10-10%27&$select=Id,Title,RecordDate
[Stub Request] GET /sites/demo/_api/web/lists/getbytitle('SupportRecord_Daily')/items?$filter=RecordDate%20ge%20%272026-10-09%27%20and%20RecordDate%20lt%20%272026-10-10%27&$select=Id,Title,RecordDate
[Stub Request] GET /sites/demo/_api/web/lists/getbytitle('SupportRecord_Daily')/items?$filter=RecordDate%20ge%20%272026-10-09%27%20and%20RecordDate%20lt%20%272026-10-10%27&$select=Id,Title,RecordDate
[Stub Request] GET /sites/demo/_api/web/lists/getbytitle('SupportRecord_Daily')/items?$filter=RecordDate%20ge%20%272026-10-09%27%20and%20RecordDate%20lt%20%272026-10-10%27&$select=Id,Title,RecordDate
[Stub Request] GET /sites/demo/_api/web/lists/getbytitle('DailyRecordRows')/items?$filter=Parent_x0020_ID%20eq%201&$select=Id,Title,Created,Modified,Parent_x0020_ID,User_x0020_ID,Status,Payload,Recorded_x0020_At,RowNo,Memo,StaffName,BipsJSON
[Stub Request] GET /sites/demo/_api/web/lists/getbytitle('DailyRecordRows')/items?$filter=Parent_x0020_ID%20eq%201&$select=Id,Title,Created,Modified,Parent_x0020_ID,User_x0020_ID,Status,Payload,Recorded_x0020_At,RowNo,Memo,StaffName,BipsJSON
[Stub Request] GET /sites/demo/_api/web/lists/getbytitle('DailyRecordRows')/items?$filter=Parent_x0020_ID%20eq%201&$select=Id,Title,Created,Modified,Parent_x0020_ID,User_x0020_ID,Status,Payload,Recorded_x0020_At,RowNo,Memo,StaffName,BipsJSON
[Stub Request] GET /sites/demo/_api/web/lists/getbytitle('DailyRecordRows')/items?$filter=Parent_x0020_ID%20eq%201&$select=Id,Title,Created,Modified,Parent_x0020_ID,User_x0020_ID,Status,Payload,Recorded_x0020_At,RowNo,Memo,StaffName,BipsJSON
[Stub Request] GET /sites/demo/_api/web/lists/getbytitle('DailyRecordRows')/items?$filter=Parent_x0020_ID%20eq%201&$select=Id,Title,Created,Modified,Parent_x0020_ID,User_x0020_ID,Status,Payload,Recorded_x0020_At,RowNo,Memo,StaffName,BipsJSON
[Stub Request] GET /sites/demo/_api/web/lists/getbytitle('DailyRecordRows')/items?$filter=Parent_x0020_ID%20eq%201&$select=Id,Title,Created,Modified,Parent_x0020_ID,User_x0020_ID,Status,Payload,Recorded_x0020_At,RowNo,Memo,StaffName,BipsJSON
[Stub Request] GET /sites/demo/_api/web/lists/getbytitle('Users_Master')/items(6)?%24select=Id%2CTitle%2CModified%2CCreated%2CUserID%2CUserCode%2CFullName%2CFurigana%2CFullNameKana%2CContractDate%2CServiceStartDate%2CServiceEndDate%2CIsHighIntensitySupportTarget%2CIsSupportProcedureTarget%2CIsActive%2CUsageStatus%2CAttendanceDays
[Stub Request] GET /sites/demo/_api/web/lists/getbytitle('Users_Master')/items(6)?%24select=Id%2CTitle%2CModified%2CCreated%2CUserID%2CUserCode%2CFullName%2CFurigana%2CFullNameKana%2CContractDate%2CServiceStartDate%2CServiceEndDate%2CIsHighIntensitySupportTarget%2CIsSupportProcedureTarget%2CIsActive%2CUsageStatus%2CAttendanceDays
[Stub Request] GET /sites/demo/_api/web/lists?$select=Title,Id
[Stub Request] GET /sites/demo/_api/web/lists/getbytitle('SupportRecord_Daily')/items?$filter=RecordDate%20ge%20%272026-10-09%27%20and%20RecordDate%20lt%20%272026-10-10%27&$select=Id,Title,RecordDate
[Stub Request] GET /sites/demo/_api/web/lists/getbytitle('DailyRecordRows')/items?$filter=Parent_x0020_ID%20eq%201&$select=Id,Title,Created,Modified,Parent_x0020_ID,User_x0020_ID,Status,Payload,Recorded_x0020_At,RowNo,Memo,StaffName,BipsJSON
[Stub Request] GET /sites/demo/_api/web/lists/getbytitle('Diagnostics_Reports')/fields?$select=InternalName,TypeAsString,Required,Indexed&$top=5000
[Stub] Returning 33 fields for list: Diagnostics_Reports
[Stub Request] GET /sites/demo/_api/web/lists/getbytitle('Users_Master')/fields?$select=InternalName&$top=5000
[Stub] Returning 59 fields for list: Users_Master
[Stub Request] GET /sites/demo/_api/web/lists/getbytitle('UserTransport_Settings')/fields?$select=InternalName&$top=5000
[Stub] Returning 59 fields for list: UserTransport_Settings
[Stub Request] GET /sites/demo/_api/web/lists/getbytitle('UserBenefit_Profile')/fields?$select=InternalName&$top=5000
[Stub] Returning 59 fields for list: UserBenefit_Profile
[Stub Request] GET /sites/demo/_api/web/lists/getbytitle('UserBenefit_Profile_Ext')/fields?$select=InternalName&$top=5000
[Stub] Returning 59 fields for list: UserBenefit_Profile_Ext
[Stub Request] GET /sites/demo/_api/web/lists/getbytitle('Users_Master')/items(6)?%24select=Id%2CTitle%2CModified%2CCreated%2CUserID%2CUserCode%2CFullName%2CFurigana%2CFullNameKana%2CContractDate%2CServiceStartDate%2CServiceEndDate%2CIsHighIntensitySupportTarget%2CIsSupportProcedureTarget%2CIsActive%2CUsageStatus%2CAttendanceDays
[Stub Request] GET /sites/demo/_api/web/lists/getbytitle('Users_Master')/items(6)?%24select=Id%2CTitle%2CModified%2CCreated%2CUserID%2CUserCode%2CFullName%2CFurigana%2CFullNameKana%2CContractDate%2CServiceStartDate%2CServiceEndDate%2CIsHighIntensitySupportTarget%2CIsSupportProcedureTarget%2CIsActive%2CUsageStatus%2CAttendanceDays
[Stub Request] GET /sites/demo/_api/web/lists?$select=Title,Id
[Stub Request] GET /sites/demo/_api/web/lists/getbytitle('SupportRecord_Daily')/fields?$select=InternalName&$top=5000
[Stub] Returning 17 fields for list: SupportRecord_Daily
[Stub Request] GET /sites/demo/_api/web/lists/getbytitle('DailyRecordRows')/fields?$select=InternalName&$top=5000
[Stub] Returning 20 fields for list: DailyRecordRows
[Stub Request] GET /sites/demo/_api/web/lists/getbytitle('SupportRecord_Daily')/items?$filter=RecordDate%20ge%20%272026-10-09%27%20and%20RecordDate%20lt%20%272026-10-10%27&$select=Id,Title,RecordDate
[Stub Request] GET /sites/demo/_api/web/lists/getbytitle('DailyRecordRows')/items?$filter=Parent_x0020_ID%20eq%201&$select=Id,Title,Created,Modified,Parent_x0020_ID,User_x0020_ID,Status,Payload,Recorded_x0020_At,RowNo,Memo,StaffName,BipsJSON
  ✓   5 [chromium] › tests/e2e/kiosk-procedure-detail.spec.ts:203:9 › Kiosk user 6 SharePoint persistence › save and reload observation content (new record) (5.7s)
[Stub Request] GET /sites/demo/_api/web/lists/getbytitle('Diagnostics_Reports')/fields?$select=InternalName,TypeAsString,Required,Indexed&$top=5000
[Stub] Auto-created state for list: Diagnostics_Reports
[Stub] Returning 33 fields for list: Diagnostics_Reports
[Stub Request] GET /sites/demo/_api/web/lists?$select=Title,Id
[Stub Request] GET /sites/demo/_api/web/lists/getbytitle('Users_Master')/fields?$select=InternalName&$top=5000
[Stub] Returning 59 fields for list: Users_Master
[Stub Request] GET /sites/demo/_api/web/lists/getbytitle('SupportPlanningSheet_Master')/fields?$select=InternalName&$top=5000
[Stub] Auto-created state for list: SupportPlanningSheet_Master
[Stub] Returning 52 fields for list: SupportPlanningSheet_Master
[Stub Request] GET /sites/demo/_api/web/lists/getbytitle('SupportRecord_Daily')/fields?$select=InternalName&$top=5000
[Stub] Returning 17 fields for list: SupportRecord_Daily
[Stub Request] GET /sites/demo/_api/web/lists/getbytitle('UserTransport_Settings')/fields?$select=InternalName&$top=5000
[Stub] Auto-created state for list: UserTransport_Settings
[Stub] Returning 59 fields for list: UserTransport_Settings
[Stub Request] GET /sites/demo/_api/web/lists/getbytitle('UserBenefit_Profile')/fields?$select=InternalName&$top=5000
[Stub] Auto-created state for list: UserBenefit_Profile
[Stub] Returning 59 fields for list: UserBenefit_Profile
[Stub Request] GET /sites/demo/_api/web/lists/getbytitle('UserBenefit_Profile_Ext')/fields?$select=InternalName&$top=5000
[Stub] Auto-created state for list: UserBenefit_Profile_Ext
[Stub] Returning 59 fields for list: UserBenefit_Profile_Ext
[Stub Request] GET /sites/demo/_api/web/lists/getbytitle('SupportPlanningSheet_Master')/items?%24filter=UserCode+eq+%276%27+and+IsCurrent+eq+true&%24orderby=Created+desc&%24top=100
[Stub Request] GET /sites/demo/_api/web/lists/getbytitle('Users_Master')/items(6)?%24select=Id%2CTitle%2CModified%2CCreated%2CUserID%2CUserCode%2CFullName%2CFurigana%2CFullNameKana%2CContractDate%2CServiceStartDate%2CServiceEndDate%2CIsHighIntensitySupportTarget%2CIsSupportProcedureTarget%2CIsActive%2CUsageStatus%2CAttendanceDays
[Stub Request] GET /sites/demo/_api/web/lists/getbytitle('Users_Master')/items(6)?%24select=Id%2CTitle%2CModified%2CCreated%2CUserID%2CUserCode%2CFullName%2CFurigana%2CFullNameKana%2CContractDate%2CServiceStartDate%2CServiceEndDate%2CIsHighIntensitySupportTarget%2CIsSupportProcedureTarget%2CIsActive%2CUsageStatus%2CAttendanceDays
[Stub Request] GET /sites/demo/_api/web/lists/getbytitle('Users_Master')/items?%24select=Id%2CTitle%2CModified%2CCreated%2CUserID%2CUserCode%2CFullName%2CFurigana%2CFullNameKana%2CContractDate%2CServiceStartDate%2CServiceEndDate%2CIsHighIntensitySupportTarget%2CIsSupportProcedureTarget%2CIsActive%2CUsageStatus%2CAttendanceDays&%24orderby=ID+asc&%24top=200
[Stub Request] GET /sites/demo/_api/web/lists/getbytitle('Users_Master')/items?%24select=Id%2CTitle%2CModified%2CCreated%2CUserID%2CUserCode%2CFullName%2CFurigana%2CFullNameKana%2CContractDate%2CServiceStartDate%2CServiceEndDate%2CIsHighIntensitySupportTarget%2CIsSupportProcedureTarget%2CIsActive%2CUsageStatus%2CAttendanceDays&%24orderby=ID+asc&%24top=200
[Stub Request] GET /sites/demo/_api/web/lists/getbytitle('SupportPlanningSheet_Master')/items?%24filter=UserCode+eq+%27I005%27+and+IsCurrent+eq+true&%24orderby=Created+desc&%24top=100
[Stub Request] GET /sites/demo/_api/web/lists/getbytitle('DailyRecordRows')/fields?$select=InternalName&$top=5000
[Stub] Returning 20 fields for list: DailyRecordRows
[Stub Request] GET /sites/demo/_api/web/lists/getbytitle('SupportRecord_Daily')/items?$filter=RecordDate%20ge%20%272026-10-09%27%20and%20RecordDate%20lt%20%272026-10-10%27&$select=Id,Title,RecordDate
[Stub Request] GET /sites/demo/_api/web/lists/getbytitle('SupportRecord_Daily')/items?$filter=RecordDate%20ge%20%272026-10-09%27%20and%20RecordDate%20lt%20%272026-10-10%27&$select=Id,Title,RecordDate
[Stub Request] GET /sites/demo/_api/web/lists/getbytitle('SupportRecord_Daily')/items?$filter=RecordDate%20ge%20%272026-10-09%27%20and%20RecordDate%20lt%20%272026-10-10%27&$select=Id,Title,RecordDate
[Stub Request] GET /sites/demo/_api/web/lists/getbytitle('SupportRecord_Daily')/items?$filter=RecordDate%20ge%20%272026-10-09%27%20and%20RecordDate%20lt%20%272026-10-10%27&$select=Id,Title,RecordDate
[Stub Request] GET /sites/demo/_api/web/lists/getbytitle('SupportRecord_Daily')/items?$filter=RecordDate%20ge%20%272026-10-09%27%20and%20RecordDate%20lt%20%272026-10-10%27&$select=Id,Title,RecordDate
[Stub Request] GET /sites/demo/_api/web/lists/getbytitle('SupportRecord_Daily')/items?$filter=RecordDate%20ge%20%272026-10-09%27%20and%20RecordDate%20lt%20%272026-10-10%27&$select=Id,Title,RecordDate
[Stub Request] GET /sites/demo/_api/web/lists/getbytitle('SupportRecord_Daily')/items?$filter=RecordDate%20ge%20%272026-10-09%27%20and%20RecordDate%20lt%20%272026-10-10%27&$select=Id,Title,RecordDate
[Stub Request] GET /sites/demo/_api/web/lists/getbytitle('DailyRecordRows')/items?$filter=Parent_x0020_ID%20eq%2060&$select=Id,Title,Created,Modified,Parent_x0020_ID,User_x0020_ID,Status,Payload,Recorded_x0020_At,RowNo,Memo,StaffName,BipsJSON
[Stub Request] GET /sites/demo/_api/web/lists/getbytitle('DailyRecordRows')/items?$filter=Parent_x0020_ID%20eq%2060&$select=Id,Title,Created,Modified,Parent_x0020_ID,User_x0020_ID,Status,Payload,Recorded_x0020_At,RowNo,Memo,StaffName,BipsJSON
[Stub Request] GET /sites/demo/_api/web/lists/getbytitle('DailyRecordRows')/items?$filter=Parent_x0020_ID%20eq%2060&$select=Id,Title,Created,Modified,Parent_x0020_ID,User_x0020_ID,Status,Payload,Recorded_x0020_At,RowNo,Memo,StaffName,BipsJSON
[Stub Request] GET /sites/demo/_api/web/lists/getbytitle('DailyRecordRows')/items?$filter=Parent_x0020_ID%20eq%2060&$select=Id,Title,Created,Modified,Parent_x0020_ID,User_x0020_ID,Status,Payload,Recorded_x0020_At,RowNo,Memo,StaffName,BipsJSON
[Stub Request] GET /sites/demo/_api/web/lists/getbytitle('DailyRecordRows')/items?$filter=Parent_x0020_ID%20eq%2060&$select=Id,Title,Created,Modified,Parent_x0020_ID,User_x0020_ID,Status,Payload,Recorded_x0020_At,RowNo,Memo,StaffName,BipsJSON
[Stub Request] GET /sites/demo/_api/web/lists/getbytitle('DailyRecordRows')/items?$filter=Parent_x0020_ID%20eq%2060&$select=Id,Title,Created,Modified,Parent_x0020_ID,User_x0020_ID,Status,Payload,Recorded_x0020_At,RowNo,Memo,StaffName,BipsJSON
[Stub Request] GET /sites/demo/_api/web/lists/getbytitle('Users_Master')/items(6)?%24select=Id%2CTitle%2CModified%2CCreated%2CUserID%2CUserCode%2CFullName%2CFurigana%2CFullNameKana%2CContractDate%2CServiceStartDate%2CServiceEndDate%2CIsHighIntensitySupportTarget%2CIsSupportProcedureTarget%2CIsActive%2CUsageStatus%2CAttendanceDays
[Stub Request] GET /sites/demo/_api/web/lists/getbytitle('Users_Master')/items(6)?%24select=Id%2CTitle%2CModified%2CCreated%2CUserID%2CUserCode%2CFullName%2CFurigana%2CFullNameKana%2CContractDate%2CServiceStartDate%2CServiceEndDate%2CIsHighIntensitySupportTarget%2CIsSupportProcedureTarget%2CIsActive%2CUsageStatus%2CAttendanceDays
[Stub Request] GET /sites/demo/_api/web/lists?$select=Title,Id
[Stub Request] GET /sites/demo/_api/web/lists/getbytitle('SupportRecord_Daily')/items?$filter=RecordDate%20ge%20%272026-10-09%27%20and%20RecordDate%20lt%20%272026-10-10%27&$select=Id,Title,RecordDate
[Stub Request] GET /sites/demo/_api/web/lists/getbytitle('DailyRecordRows')/items?$filter=Parent_x0020_ID%20eq%2060&$select=Id,Title,Created,Modified,Parent_x0020_ID,User_x0020_ID,Status,Payload,Recorded_x0020_At,RowNo,Memo,StaffName,BipsJSON
[Stub Request] GET /sites/demo/_api/web/lists/getbytitle('SupportRecord_Daily')/items?$filter=RecordDate%20ge%20%272026-10-09%27%20and%20RecordDate%20lt%20%272026-10-10%27&$select=Id,Title,RecordDate
[Stub Request] GET /sites/demo/_api/web/lists/getbytitle('DailyRecordRows')/items?$filter=Parent_x0020_ID%20eq%2060&$select=Id,Title,Created,Modified,Parent_x0020_ID,User_x0020_ID,Status,Payload,Recorded_x0020_At,RowNo,Memo,StaffName,BipsJSON
[Stub Request] GET /sites/demo/_api/web/lists/getbytitle('SupportRecord_Daily')/items?$filter=Title%20eq%20%272026-10-09-I005%27&$select=Id
[Stub Request] POST /sites/demo/_api/web/lists/getbytitle('DailyRecordRows')/items(61)
[Stub Request] GET /sites/demo/_api/web/lists?$select=Title,Id
[Stub Request] GET /sites/demo/_api/web/lists/getbytitle('SupportPlanningSheet_Master')/items?%24filter=UserCode+eq+%27I005%27+and+IsCurrent+eq+true&%24orderby=Created+desc&%24top=100
[Stub Request] GET /sites/demo/_api/web/lists/getbytitle('Users_Master')/items(6)?%24select=Id%2CTitle%2CModified%2CCreated%2CUserID%2CUserCode%2CFullName%2CFurigana%2CFullNameKana%2CContractDate%2CServiceStartDate%2CServiceEndDate%2CIsHighIntensitySupportTarget%2CIsSupportProcedureTarget%2CIsActive%2CUsageStatus%2CAttendanceDays
[Stub Request] GET /sites/demo/_api/web/lists/getbytitle('Users_Master')/items(6)?%24select=Id%2CTitle%2CModified%2CCreated%2CUserID%2CUserCode%2CFullName%2CFurigana%2CFullNameKana%2CContractDate%2CServiceStartDate%2CServiceEndDate%2CIsHighIntensitySupportTarget%2CIsSupportProcedureTarget%2CIsActive%2CUsageStatus%2CAttendanceDays
[Stub Request] GET /sites/demo/_api/web/lists/getbytitle('SupportRecord_Daily')/items?$filter=RecordDate%20ge%20%272026-10-09%27%20and%20RecordDate%20lt%20%272026-10-10%27&$select=Id,Title,RecordDate
[Stub Request] GET /sites/demo/_api/web/lists/getbytitle('SupportRecord_Daily')/items?$filter=RecordDate%20ge%20%272026-10-09%27%20and%20RecordDate%20lt%20%272026-10-10%27&$select=Id,Title,RecordDate
[Stub Request] GET /sites/demo/_api/web/lists/getbytitle('SupportRecord_Daily')/items?$filter=RecordDate%20ge%20%272026-10-09%27%20and%20RecordDate%20lt%20%272026-10-10%27&$select=Id,Title,RecordDate
[Stub Request] GET /sites/demo/_api/web/lists/getbytitle('SupportRecord_Daily')/items?$filter=RecordDate%20ge%20%272026-10-09%27%20and%20RecordDate%20lt%20%272026-10-10%27&$select=Id,Title,RecordDate
[Stub Request] GET /sites/demo/_api/web/lists/getbytitle('SupportRecord_Daily')/items?$filter=RecordDate%20ge%20%272026-10-09%27%20and%20RecordDate%20lt%20%272026-10-10%27&$select=Id,Title,RecordDate
[Stub Request] GET /sites/demo/_api/web/lists/getbytitle('SupportRecord_Daily')/items?$filter=RecordDate%20ge%20%272026-10-09%27%20and%20RecordDate%20lt%20%272026-10-10%27&$select=Id,Title,RecordDate
[Stub Request] GET /sites/demo/_api/web/lists/getbytitle('SupportRecord_Daily')/items?$filter=RecordDate%20ge%20%272026-10-09%27%20and%20RecordDate%20lt%20%272026-10-10%27&$select=Id,Title,RecordDate
[Stub Request] GET /sites/demo/_api/web/lists/getbytitle('DailyRecordRows')/items?$filter=Parent_x0020_ID%20eq%2060&$select=Id,Title,Created,Modified,Parent_x0020_ID,User_x0020_ID,Status,Payload,Recorded_x0020_At,RowNo,Memo,StaffName,BipsJSON
[Stub Request] GET /sites/demo/_api/web/lists/getbytitle('DailyRecordRows')/items?$filter=Parent_x0020_ID%20eq%2060&$select=Id,Title,Created,Modified,Parent_x0020_ID,User_x0020_ID,Status,Payload,Recorded_x0020_At,RowNo,Memo,StaffName,BipsJSON
[Stub Request] GET /sites/demo/_api/web/lists/getbytitle('DailyRecordRows')/items?$filter=Parent_x0020_ID%20eq%2060&$select=Id,Title,Created,Modified,Parent_x0020_ID,User_x0020_ID,Status,Payload,Recorded_x0020_At,RowNo,Memo,StaffName,BipsJSON
[Stub Request] GET /sites/demo/_api/web/lists/getbytitle('DailyRecordRows')/items?$filter=Parent_x0020_ID%20eq%2060&$select=Id,Title,Created,Modified,Parent_x0020_ID,User_x0020_ID,Status,Payload,Recorded_x0020_At,RowNo,Memo,StaffName,BipsJSON
[Stub Request] GET /sites/demo/_api/web/lists/getbytitle('DailyRecordRows')/items?$filter=Parent_x0020_ID%20eq%2060&$select=Id,Title,Created,Modified,Parent_x0020_ID,User_x0020_ID,Status,Payload,Recorded_x0020_At,RowNo,Memo,StaffName,BipsJSON
[Stub Request] GET /sites/demo/_api/web/lists/getbytitle('DailyRecordRows')/items?$filter=Parent_x0020_ID%20eq%2060&$select=Id,Title,Created,Modified,Parent_x0020_ID,User_x0020_ID,Status,Payload,Recorded_x0020_At,RowNo,Memo,StaffName,BipsJSON
[Stub Request] GET /sites/demo/_api/web/lists/getbytitle('Diagnostics_Reports')/fields?$select=InternalName,TypeAsString,Required,Indexed&$top=5000
[Stub] Returning 33 fields for list: Diagnostics_Reports
[Stub Request] GET /sites/demo/_api/web/lists?$select=Title,Id
[Stub Request] GET /sites/demo/_api/web/lists/getbytitle('Users_Master')/fields?$select=InternalName&$top=5000
[Stub] Returning 59 fields for list: Users_Master
[Stub Request] GET /sites/demo/_api/web/lists/getbytitle('SupportPlanningSheet_Master')/fields?$select=InternalName&$top=5000
[Stub] Returning 52 fields for list: SupportPlanningSheet_Master
[Stub Request] GET /sites/demo/_api/web/lists/getbytitle('SupportRecord_Daily')/fields?$select=InternalName&$top=5000
[Stub] Returning 17 fields for list: SupportRecord_Daily
[Stub Request] GET /sites/demo/_api/web/lists/getbytitle('UserTransport_Settings')/fields?$select=InternalName&$top=5000
[Stub] Returning 59 fields for list: UserTransport_Settings
[Stub Request] GET /sites/demo/_api/web/lists/getbytitle('UserBenefit_Profile')/fields?$select=InternalName&$top=5000
[Stub] Returning 59 fields for list: UserBenefit_Profile
[Stub Request] GET /sites/demo/_api/web/lists/getbytitle('UserBenefit_Profile_Ext')/fields?$select=InternalName&$top=5000
[Stub] Returning 59 fields for list: UserBenefit_Profile_Ext
[Stub Request] GET /sites/demo/_api/web/lists/getbytitle('SupportPlanningSheet_Master')/items?%24filter=UserCode+eq+%276%27+and+IsCurrent+eq+true&%24orderby=Created+desc&%24top=100
[Stub Request] GET /sites/demo/_api/web/lists/getbytitle('Users_Master')/items(6)?%24select=Id%2CTitle%2CModified%2CCreated%2CUserID%2CUserCode%2CFullName%2CFurigana%2CFullNameKana%2CContractDate%2CServiceStartDate%2CServiceEndDate%2CIsHighIntensitySupportTarget%2CIsSupportProcedureTarget%2CIsActive%2CUsageStatus%2CAttendanceDays
[Stub Request] GET /sites/demo/_api/web/lists/getbytitle('Users_Master')/items(6)?%24select=Id%2CTitle%2CModified%2CCreated%2CUserID%2CUserCode%2CFullName%2CFurigana%2CFullNameKana%2CContractDate%2CServiceStartDate%2CServiceEndDate%2CIsHighIntensitySupportTarget%2CIsSupportProcedureTarget%2CIsActive%2CUsageStatus%2CAttendanceDays
[Stub Request] GET /sites/demo/_api/web/lists/getbytitle('Users_Master')/items?%24select=Id%2CTitle%2CModified%2CCreated%2CUserID%2CUserCode%2CFullName%2CFurigana%2CFullNameKana%2CContractDate%2CServiceStartDate%2CServiceEndDate%2CIsHighIntensitySupportTarget%2CIsSupportProcedureTarget%2CIsActive%2CUsageStatus%2CAttendanceDays&%24orderby=ID+asc&%24top=200
[Stub Request] GET /sites/demo/_api/web/lists/getbytitle('Users_Master')/items?%24select=Id%2CTitle%2CModified%2CCreated%2CUserID%2CUserCode%2CFullName%2CFurigana%2CFullNameKana%2CContractDate%2CServiceStartDate%2CServiceEndDate%2CIsHighIntensitySupportTarget%2CIsSupportProcedureTarget%2CIsActive%2CUsageStatus%2CAttendanceDays&%24orderby=ID+asc&%24top=200
[Stub Request] GET /sites/demo/_api/web/lists/getbytitle('SupportPlanningSheet_Master')/items?%24filter=UserCode+eq+%27I005%27+and+IsCurrent+eq+true&%24orderby=Created+desc&%24top=100
[Stub Request] GET /sites/demo/_api/web/lists/getbytitle('DailyRecordRows')/fields?$select=InternalName&$top=5000
[Stub] Returning 20 fields for list: DailyRecordRows
[Stub Request] GET /sites/demo/_api/web/lists/getbytitle('SupportRecord_Daily')/items?$filter=RecordDate%20ge%20%272026-10-09%27%20and%20RecordDate%20lt%20%272026-10-10%27&$select=Id,Title,RecordDate
[Stub Request] GET /sites/demo/_api/web/lists/getbytitle('SupportRecord_Daily')/items?$filter=RecordDate%20ge%20%272026-10-09%27%20and%20RecordDate%20lt%20%272026-10-10%27&$select=Id,Title,RecordDate
[Stub Request] GET /sites/demo/_api/web/lists/getbytitle('SupportRecord_Daily')/items?$filter=RecordDate%20ge%20%272026-10-09%27%20and%20RecordDate%20lt%20%272026-10-10%27&$select=Id,Title,RecordDate
[Stub Request] GET /sites/demo/_api/web/lists/getbytitle('SupportRecord_Daily')/items?$filter=RecordDate%20ge%20%272026-10-09%27%20and%20RecordDate%20lt%20%272026-10-10%27&$select=Id,Title,RecordDate
[Stub Request] GET /sites/demo/_api/web/lists/getbytitle('SupportRecord_Daily')/items?$filter=RecordDate%20ge%20%272026-10-09%27%20and%20RecordDate%20lt%20%272026-10-10%27&$select=Id,Title,RecordDate
[Stub Request] GET /sites/demo/_api/web/lists/getbytitle('SupportRecord_Daily')/items?$filter=RecordDate%20ge%20%272026-10-09%27%20and%20RecordDate%20lt%20%272026-10-10%27&$select=Id,Title,RecordDate
[Stub Request] GET /sites/demo/_api/web/lists/getbytitle('SupportRecord_Daily')/items?$filter=RecordDate%20ge%20%272026-10-09%27%20and%20RecordDate%20lt%20%272026-10-10%27&$select=Id,Title,RecordDate
[Stub Request] GET /sites/demo/_api/web/lists/getbytitle('DailyRecordRows')/items?$filter=Parent_x0020_ID%20eq%2060&$select=Id,Title,Created,Modified,Parent_x0020_ID,User_x0020_ID,Status,Payload,Recorded_x0020_At,RowNo,Memo,StaffName,BipsJSON
[Stub Request] GET /sites/demo/_api/web/lists/getbytitle('DailyRecordRows')/items?$filter=Parent_x0020_ID%20eq%2060&$select=Id,Title,Created,Modified,Parent_x0020_ID,User_x0020_ID,Status,Payload,Recorded_x0020_At,RowNo,Memo,StaffName,BipsJSON
[Stub Request] GET /sites/demo/_api/web/lists/getbytitle('DailyRecordRows')/items?$filter=Parent_x0020_ID%20eq%2060&$select=Id,Title,Created,Modified,Parent_x0020_ID,User_x0020_ID,Status,Payload,Recorded_x0020_At,RowNo,Memo,StaffName,BipsJSON
[Stub Request] GET /sites/demo/_api/web/lists/getbytitle('DailyRecordRows')/items?$filter=Parent_x0020_ID%20eq%2060&$select=Id,Title,Created,Modified,Parent_x0020_ID,User_x0020_ID,Status,Payload,Recorded_x0020_At,RowNo,Memo,StaffName,BipsJSON
[Stub Request] GET /sites/demo/_api/web/lists/getbytitle('DailyRecordRows')/items?$filter=Parent_x0020_ID%20eq%2060&$select=Id,Title,Created,Modified,Parent_x0020_ID,User_x0020_ID,Status,Payload,Recorded_x0020_At,RowNo,Memo,StaffName,BipsJSON
[Stub Request] GET /sites/demo/_api/web/lists/getbytitle('DailyRecordRows')/items?$filter=Parent_x0020_ID%20eq%2060&$select=Id,Title,Created,Modified,Parent_x0020_ID,User_x0020_ID,Status,Payload,Recorded_x0020_At,RowNo,Memo,StaffName,BipsJSON
[Stub Request] GET /sites/demo/_api/web/lists/getbytitle('Users_Master')/items(6)?%24select=Id%2CTitle%2CModified%2CCreated%2CUserID%2CUserCode%2CFullName%2CFurigana%2CFullNameKana%2CContractDate%2CServiceStartDate%2CServiceEndDate%2CIsHighIntensitySupportTarget%2CIsSupportProcedureTarget%2CIsActive%2CUsageStatus%2CAttendanceDays
[Stub Request] GET /sites/demo/_api/web/lists/getbytitle('Users_Master')/items(6)?%24select=Id%2CTitle%2CModified%2CCreated%2CUserID%2CUserCode%2CFullName%2CFurigana%2CFullNameKana%2CContractDate%2CServiceStartDate%2CServiceEndDate%2CIsHighIntensitySupportTarget%2CIsSupportProcedureTarget%2CIsActive%2CUsageStatus%2CAttendanceDays
[Stub Request] GET /sites/demo/_api/web/lists?$select=Title,Id
[Stub Request] GET /sites/demo/_api/web/lists/getbytitle('SupportRecord_Daily')/items?$filter=RecordDate%20ge%20%272026-10-09%27%20and%20RecordDate%20lt%20%272026-10-10%27&$select=Id,Title,RecordDate
[Stub Request] GET /sites/demo/_api/web/lists/getbytitle('DailyRecordRows')/items?$filter=Parent_x0020_ID%20eq%2060&$select=Id,Title,Created,Modified,Parent_x0020_ID,User_x0020_ID,Status,Payload,Recorded_x0020_At,RowNo,Memo,StaffName,BipsJSON
[Stub Request] GET /sites/demo/_api/web/lists/getbytitle('Diagnostics_Reports')/fields?$select=InternalName,TypeAsString,Required,Indexed&$top=5000
[Stub] Returning 33 fields for list: Diagnostics_Reports
[Stub Request] GET /sites/demo/_api/web/lists/getbytitle('Users_Master')/fields?$select=InternalName&$top=5000
[Stub] Returning 59 fields for list: Users_Master
[Stub Request] GET /sites/demo/_api/web/lists/getbytitle('UserTransport_Settings')/fields?$select=InternalName&$top=5000
[Stub] Returning 59 fields for list: UserTransport_Settings
[Stub Request] GET /sites/demo/_api/web/lists/getbytitle('UserBenefit_Profile')/fields?$select=InternalName&$top=5000
[Stub] Returning 59 fields for list: UserBenefit_Profile
[Stub Request] GET /sites/demo/_api/web/lists/getbytitle('UserBenefit_Profile_Ext')/fields?$select=InternalName&$top=5000
[Stub] Returning 59 fields for list: UserBenefit_Profile_Ext
[Stub Request] GET /sites/demo/_api/web/lists/getbytitle('Users_Master')/items(6)?%24select=Id%2CTitle%2CModified%2CCreated%2CUserID%2CUserCode%2CFullName%2CFurigana%2CFullNameKana%2CContractDate%2CServiceStartDate%2CServiceEndDate%2CIsHighIntensitySupportTarget%2CIsSupportProcedureTarget%2CIsActive%2CUsageStatus%2CAttendanceDays
[Stub Request] GET /sites/demo/_api/web/lists/getbytitle('Users_Master')/items(6)?%24select=Id%2CTitle%2CModified%2CCreated%2CUserID%2CUserCode%2CFullName%2CFurigana%2CFullNameKana%2CContractDate%2CServiceStartDate%2CServiceEndDate%2CIsHighIntensitySupportTarget%2CIsSupportProcedureTarget%2CIsActive%2CUsageStatus%2CAttendanceDays
[Stub Request] GET /sites/demo/_api/web/lists?$select=Title,Id
[Stub Request] GET /sites/demo/_api/web/lists/getbytitle('SupportRecord_Daily')/fields?$select=InternalName&$top=5000
[Stub] Returning 17 fields for list: SupportRecord_Daily
[Stub Request] GET /sites/demo/_api/web/lists/getbytitle('DailyRecordRows')/fields?$select=InternalName&$top=5000
[Stub] Returning 20 fields for list: DailyRecordRows
[Stub Request] GET /sites/demo/_api/web/lists/getbytitle('SupportRecord_Daily')/items?$filter=RecordDate%20ge%20%272026-10-09%27%20and%20RecordDate%20lt%20%272026-10-10%27&$select=Id,Title,RecordDate
[Stub Request] GET /sites/demo/_api/web/lists/getbytitle('DailyRecordRows')/items?$filter=Parent_x0020_ID%20eq%2060&$select=Id,Title,Created,Modified,Parent_x0020_ID,User_x0020_ID,Status,Payload,Recorded_x0020_At,RowNo,Memo,StaffName,BipsJSON
  ✓   6 [chromium] › tests/e2e/kiosk-procedure-detail.spec.ts:203:9 › Kiosk user 6 SharePoint persistence › save and reload observation content (1) (5.3s)
[Stub Request] GET /sites/demo/_api/web/lists/getbytitle('Diagnostics_Reports')/fields?$select=InternalName,TypeAsString,Required,Indexed&$top=5000
[Stub] Auto-created state for list: Diagnostics_Reports
[Stub] Returning 33 fields for list: Diagnostics_Reports
[Stub Request] GET /sites/demo/_api/web/lists?$select=Title,Id
[Stub Request] GET /sites/demo/_api/web/lists/getbytitle('Users_Master')/fields?$select=InternalName&$top=5000
[Stub] Returning 59 fields for list: Users_Master
[Stub Request] GET /sites/demo/_api/web/lists/getbytitle('SupportPlanningSheet_Master')/fields?$select=InternalName&$top=5000
[Stub] Auto-created state for list: SupportPlanningSheet_Master
[Stub] Returning 52 fields for list: SupportPlanningSheet_Master
[Stub Request] GET /sites/demo/_api/web/lists/getbytitle('SupportRecord_Daily')/fields?$select=InternalName&$top=5000
[Stub] Returning 17 fields for list: SupportRecord_Daily
[Stub Request] GET /sites/demo/_api/web/lists/getbytitle('UserTransport_Settings')/fields?$select=InternalName&$top=5000
[Stub] Auto-created state for list: UserTransport_Settings
[Stub] Returning 59 fields for list: UserTransport_Settings
[Stub Request] GET /sites/demo/_api/web/lists/getbytitle('UserBenefit_Profile')/fields?$select=InternalName&$top=5000
[Stub] Auto-created state for list: UserBenefit_Profile
[Stub] Returning 59 fields for list: UserBenefit_Profile
[Stub Request] GET /sites/demo/_api/web/lists/getbytitle('UserBenefit_Profile_Ext')/fields?$select=InternalName&$top=5000
[Stub] Auto-created state for list: UserBenefit_Profile_Ext
[Stub] Returning 59 fields for list: UserBenefit_Profile_Ext
[Stub Request] GET /sites/demo/_api/web/lists/getbytitle('SupportPlanningSheet_Master')/items?%24filter=UserCode+eq+%276%27+and+IsCurrent+eq+true&%24orderby=Created+desc&%24top=100
[Stub Request] GET /sites/demo/_api/web/lists/getbytitle('Users_Master')/items(6)?%24select=Id%2CTitle%2CModified%2CCreated%2CUserID%2CUserCode%2CFullName%2CFurigana%2CFullNameKana%2CContractDate%2CServiceStartDate%2CServiceEndDate%2CIsHighIntensitySupportTarget%2CIsSupportProcedureTarget%2CIsActive%2CUsageStatus%2CAttendanceDays
[Stub Request] GET /sites/demo/_api/web/lists/getbytitle('Users_Master')/items(6)?%24select=Id%2CTitle%2CModified%2CCreated%2CUserID%2CUserCode%2CFullName%2CFurigana%2CFullNameKana%2CContractDate%2CServiceStartDate%2CServiceEndDate%2CIsHighIntensitySupportTarget%2CIsSupportProcedureTarget%2CIsActive%2CUsageStatus%2CAttendanceDays
[Stub Request] GET /sites/demo/_api/web/lists/getbytitle('Users_Master')/items?%24select=Id%2CTitle%2CModified%2CCreated%2CUserID%2CUserCode%2CFullName%2CFurigana%2CFullNameKana%2CContractDate%2CServiceStartDate%2CServiceEndDate%2CIsHighIntensitySupportTarget%2CIsSupportProcedureTarget%2CIsActive%2CUsageStatus%2CAttendanceDays&%24orderby=ID+asc&%24top=200
[Stub Request] GET /sites/demo/_api/web/lists/getbytitle('Users_Master')/items?%24select=Id%2CTitle%2CModified%2CCreated%2CUserID%2CUserCode%2CFullName%2CFurigana%2CFullNameKana%2CContractDate%2CServiceStartDate%2CServiceEndDate%2CIsHighIntensitySupportTarget%2CIsSupportProcedureTarget%2CIsActive%2CUsageStatus%2CAttendanceDays&%24orderby=ID+asc&%24top=200
[Stub Request] GET /sites/demo/_api/web/lists/getbytitle('SupportPlanningSheet_Master')/items?%24filter=UserCode+eq+%27I005%27+and+IsCurrent+eq+true&%24orderby=Created+desc&%24top=100
[Stub Request] GET /sites/demo/_api/web/lists/getbytitle('DailyRecordRows')/fields?$select=InternalName&$top=5000
[Stub] Returning 20 fields for list: DailyRecordRows
[Stub Request] GET /sites/demo/_api/web/lists/getbytitle('SupportRecord_Daily')/items?$filter=RecordDate%20ge%20%272026-10-09%27%20and%20RecordDate%20lt%20%272026-10-10%27&$select=Id,Title,RecordDate
[Stub Request] GET /sites/demo/_api/web/lists/getbytitle('SupportRecord_Daily')/items?$filter=RecordDate%20ge%20%272026-10-09%27%20and%20RecordDate%20lt%20%272026-10-10%27&$select=Id,Title,RecordDate
[Stub Request] GET /sites/demo/_api/web/lists/getbytitle('SupportRecord_Daily')/items?$filter=RecordDate%20ge%20%272026-10-09%27%20and%20RecordDate%20lt%20%272026-10-10%27&$select=Id,Title,RecordDate
[Stub Request] GET /sites/demo/_api/web/lists/getbytitle('SupportRecord_Daily')/items?$filter=RecordDate%20ge%20%272026-10-09%27%20and%20RecordDate%20lt%20%272026-10-10%27&$select=Id,Title,RecordDate
[Stub Request] GET /sites/demo/_api/web/lists/getbytitle('SupportRecord_Daily')/items?$filter=RecordDate%20ge%20%272026-10-09%27%20and%20RecordDate%20lt%20%272026-10-10%27&$select=Id,Title,RecordDate
[Stub Request] GET /sites/demo/_api/web/lists/getbytitle('SupportRecord_Daily')/items?$filter=RecordDate%20ge%20%272026-10-09%27%20and%20RecordDate%20lt%20%272026-10-10%27&$select=Id,Title,RecordDate
[Stub Request] GET /sites/demo/_api/web/lists/getbytitle('SupportRecord_Daily')/items?$filter=RecordDate%20ge%20%272026-10-09%27%20and%20RecordDate%20lt%20%272026-10-10%27&$select=Id,Title,RecordDate
[Stub Request] GET /sites/demo/_api/web/lists/getbytitle('DailyRecordRows')/items?$filter=Parent_x0020_ID%20eq%2060&$select=Id,Title,Created,Modified,Parent_x0020_ID,User_x0020_ID,Status,Payload,Recorded_x0020_At,RowNo,Memo,StaffName,BipsJSON
[Stub Request] GET /sites/demo/_api/web/lists/getbytitle('DailyRecordRows')/items?$filter=Parent_x0020_ID%20eq%2060&$select=Id,Title,Created,Modified,Parent_x0020_ID,User_x0020_ID,Status,Payload,Recorded_x0020_At,RowNo,Memo,StaffName,BipsJSON
[Stub Request] GET /sites/demo/_api/web/lists/getbytitle('DailyRecordRows')/items?$filter=Parent_x0020_ID%20eq%2060&$select=Id,Title,Created,Modified,Parent_x0020_ID,User_x0020_ID,Status,Payload,Recorded_x0020_At,RowNo,Memo,StaffName,BipsJSON
[Stub Request] GET /sites/demo/_api/web/lists/getbytitle('DailyRecordRows')/items?$filter=Parent_x0020_ID%20eq%2060&$select=Id,Title,Created,Modified,Parent_x0020_ID,User_x0020_ID,Status,Payload,Recorded_x0020_At,RowNo,Memo,StaffName,BipsJSON
[Stub Request] GET /sites/demo/_api/web/lists/getbytitle('DailyRecordRows')/items?$filter=Parent_x0020_ID%20eq%2060&$select=Id,Title,Created,Modified,Parent_x0020_ID,User_x0020_ID,Status,Payload,Recorded_x0020_At,RowNo,Memo,StaffName,BipsJSON
[Stub Request] GET /sites/demo/_api/web/lists/getbytitle('DailyRecordRows')/items?$filter=Parent_x0020_ID%20eq%2060&$select=Id,Title,Created,Modified,Parent_x0020_ID,User_x0020_ID,Status,Payload,Recorded_x0020_At,RowNo,Memo,StaffName,BipsJSON
[Stub Request] GET /sites/demo/_api/web/lists/getbytitle('Users_Master')/items(6)?%24select=Id%2CTitle%2CModified%2CCreated%2CUserID%2CUserCode%2CFullName%2CFurigana%2CFullNameKana%2CContractDate%2CServiceStartDate%2CServiceEndDate%2CIsHighIntensitySupportTarget%2CIsSupportProcedureTarget%2CIsActive%2CUsageStatus%2CAttendanceDays
[Stub Request] GET /sites/demo/_api/web/lists/getbytitle('Users_Master')/items(6)?%24select=Id%2CTitle%2CModified%2CCreated%2CUserID%2CUserCode%2CFullName%2CFurigana%2CFullNameKana%2CContractDate%2CServiceStartDate%2CServiceEndDate%2CIsHighIntensitySupportTarget%2CIsSupportProcedureTarget%2CIsActive%2CUsageStatus%2CAttendanceDays
[Stub Request] GET /sites/demo/_api/web/lists?$select=Title,Id
[Stub Request] GET /sites/demo/_api/web/lists/getbytitle('SupportRecord_Daily')/items?$filter=RecordDate%20ge%20%272026-10-09%27%20and%20RecordDate%20lt%20%272026-10-10%27&$select=Id,Title,RecordDate
[Stub Request] GET /sites/demo/_api/web/lists/getbytitle('DailyRecordRows')/items?$filter=Parent_x0020_ID%20eq%2060&$select=Id,Title,Created,Modified,Parent_x0020_ID,User_x0020_ID,Status,Payload,Recorded_x0020_At,RowNo,Memo,StaffName,BipsJSON
[Stub Request] GET /sites/demo/_api/web/lists/getbytitle('SupportRecord_Daily')/items?$filter=RecordDate%20ge%20%272026-10-09%27%20and%20RecordDate%20lt%20%272026-10-10%27&$select=Id,Title,RecordDate
[Stub Request] GET /sites/demo/_api/web/lists/getbytitle('DailyRecordRows')/items?$filter=Parent_x0020_ID%20eq%2060&$select=Id,Title,Created,Modified,Parent_x0020_ID,User_x0020_ID,Status,Payload,Recorded_x0020_At,RowNo,Memo,StaffName,BipsJSON
[Stub Request] GET /sites/demo/_api/web/lists/getbytitle('SupportRecord_Daily')/items?$filter=Title%20eq%20%272026-10-09-I005%27&$select=Id
[Stub Request] POST /sites/demo/_api/web/lists/getbytitle('DailyRecordRows')/items(61)
[Stub Request] GET /sites/demo/_api/web/lists?$select=Title,Id
[Stub Request] GET /sites/demo/_api/web/lists/getbytitle('SupportPlanningSheet_Master')/items?%24filter=UserCode+eq+%27I005%27+and+IsCurrent+eq+true&%24orderby=Created+desc&%24top=100
[Stub Request] GET /sites/demo/_api/web/lists/getbytitle('Users_Master')/items(6)?%24select=Id%2CTitle%2CModified%2CCreated%2CUserID%2CUserCode%2CFullName%2CFurigana%2CFullNameKana%2CContractDate%2CServiceStartDate%2CServiceEndDate%2CIsHighIntensitySupportTarget%2CIsSupportProcedureTarget%2CIsActive%2CUsageStatus%2CAttendanceDays
[Stub Request] GET /sites/demo/_api/web/lists/getbytitle('Users_Master')/items(6)?%24select=Id%2CTitle%2CModified%2CCreated%2CUserID%2CUserCode%2CFullName%2CFurigana%2CFullNameKana%2CContractDate%2CServiceStartDate%2CServiceEndDate%2CIsHighIntensitySupportTarget%2CIsSupportProcedureTarget%2CIsActive%2CUsageStatus%2CAttendanceDays
[Stub Request] GET /sites/demo/_api/web/lists/getbytitle('SupportRecord_Daily')/items?$filter=RecordDate%20ge%20%272026-10-09%27%20and%20RecordDate%20lt%20%272026-10-10%27&$select=Id,Title,RecordDate
[Stub Request] GET /sites/demo/_api/web/lists/getbytitle('SupportRecord_Daily')/items?$filter=RecordDate%20ge%20%272026-10-09%27%20and%20RecordDate%20lt%20%272026-10-10%27&$select=Id,Title,RecordDate
[Stub Request] GET /sites/demo/_api/web/lists/getbytitle('SupportRecord_Daily')/items?$filter=RecordDate%20ge%20%272026-10-09%27%20and%20RecordDate%20lt%20%272026-10-10%27&$select=Id,Title,RecordDate
[Stub Request] GET /sites/demo/_api/web/lists/getbytitle('SupportRecord_Daily')/items?$filter=RecordDate%20ge%20%272026-10-09%27%20and%20RecordDate%20lt%20%272026-10-10%27&$select=Id,Title,RecordDate
[Stub Request] GET /sites/demo/_api/web/lists/getbytitle('SupportRecord_Daily')/items?$filter=RecordDate%20ge%20%272026-10-09%27%20and%20RecordDate%20lt%20%272026-10-10%27&$select=Id,Title,RecordDate
[Stub Request] GET /sites/demo/_api/web/lists/getbytitle('SupportRecord_Daily')/items?$filter=RecordDate%20ge%20%272026-10-09%27%20and%20RecordDate%20lt%20%272026-10-10%27&$select=Id,Title,RecordDate
[Stub Request] GET /sites/demo/_api/web/lists/getbytitle('SupportRecord_Daily')/items?$filter=RecordDate%20ge%20%272026-10-09%27%20and%20RecordDate%20lt%20%272026-10-10%27&$select=Id,Title,RecordDate
[Stub Request] GET /sites/demo/_api/web/lists/getbytitle('DailyRecordRows')/items?$filter=Parent_x0020_ID%20eq%2060&$select=Id,Title,Created,Modified,Parent_x0020_ID,User_x0020_ID,Status,Payload,Recorded_x0020_At,RowNo,Memo,StaffName,BipsJSON
[Stub Request] GET /sites/demo/_api/web/lists/getbytitle('DailyRecordRows')/items?$filter=Parent_x0020_ID%20eq%2060&$select=Id,Title,Created,Modified,Parent_x0020_ID,User_x0020_ID,Status,Payload,Recorded_x0020_At,RowNo,Memo,StaffName,BipsJSON
[Stub Request] GET /sites/demo/_api/web/lists/getbytitle('DailyRecordRows')/items?$filter=Parent_x0020_ID%20eq%2060&$select=Id,Title,Created,Modified,Parent_x0020_ID,User_x0020_ID,Status,Payload,Recorded_x0020_At,RowNo,Memo,StaffName,BipsJSON
[Stub Request] GET /sites/demo/_api/web/lists/getbytitle('DailyRecordRows')/items?$filter=Parent_x0020_ID%20eq%2060&$select=Id,Title,Created,Modified,Parent_x0020_ID,User_x0020_ID,Status,Payload,Recorded_x0020_At,RowNo,Memo,StaffName,BipsJSON
[Stub Request] GET /sites/demo/_api/web/lists/getbytitle('DailyRecordRows')/items?$filter=Parent_x0020_ID%20eq%2060&$select=Id,Title,Created,Modified,Parent_x0020_ID,User_x0020_ID,Status,Payload,Recorded_x0020_At,RowNo,Memo,StaffName,BipsJSON
[Stub Request] GET /sites/demo/_api/web/lists/getbytitle('DailyRecordRows')/items?$filter=Parent_x0020_ID%20eq%2060&$select=Id,Title,Created,Modified,Parent_x0020_ID,User_x0020_ID,Status,Payload,Recorded_x0020_At,RowNo,Memo,StaffName,BipsJSON
[Stub Request] GET /sites/demo/_api/web/lists/getbytitle('Diagnostics_Reports')/fields?$select=InternalName,TypeAsString,Required,Indexed&$top=5000
[Stub] Returning 33 fields for list: Diagnostics_Reports
[Stub Request] GET /sites/demo/_api/web/lists?$select=Title,Id
[Stub Request] GET /sites/demo/_api/web/lists/getbytitle('Users_Master')/fields?$select=InternalName&$top=5000
[Stub] Returning 59 fields for list: Users_Master
[Stub Request] GET /sites/demo/_api/web/lists/getbytitle('SupportPlanningSheet_Master')/fields?$select=InternalName&$top=5000
[Stub] Returning 52 fields for list: SupportPlanningSheet_Master
[Stub Request] GET /sites/demo/_api/web/lists/getbytitle('SupportRecord_Daily')/fields?$select=InternalName&$top=5000
[Stub] Returning 17 fields for list: SupportRecord_Daily
[Stub Request] GET /sites/demo/_api/web/lists/getbytitle('UserTransport_Settings')/fields?$select=InternalName&$top=5000
[Stub] Returning 59 fields for list: UserTransport_Settings
[Stub Request] GET /sites/demo/_api/web/lists/getbytitle('UserBenefit_Profile')/fields?$select=InternalName&$top=5000
[Stub] Returning 59 fields for list: UserBenefit_Profile
[Stub Request] GET /sites/demo/_api/web/lists/getbytitle('UserBenefit_Profile_Ext')/fields?$select=InternalName&$top=5000
[Stub] Returning 59 fields for list: UserBenefit_Profile_Ext
[Stub Request] GET /sites/demo/_api/web/lists/getbytitle('SupportPlanningSheet_Master')/items?%24filter=UserCode+eq+%276%27+and+IsCurrent+eq+true&%24orderby=Created+desc&%24top=100
[Stub Request] GET /sites/demo/_api/web/lists/getbytitle('Users_Master')/items(6)?%24select=Id%2CTitle%2CModified%2CCreated%2CUserID%2CUserCode%2CFullName%2CFurigana%2CFullNameKana%2CContractDate%2CServiceStartDate%2CServiceEndDate%2CIsHighIntensitySupportTarget%2CIsSupportProcedureTarget%2CIsActive%2CUsageStatus%2CAttendanceDays
[Stub Request] GET /sites/demo/_api/web/lists/getbytitle('Users_Master')/items(6)?%24select=Id%2CTitle%2CModified%2CCreated%2CUserID%2CUserCode%2CFullName%2CFurigana%2CFullNameKana%2CContractDate%2CServiceStartDate%2CServiceEndDate%2CIsHighIntensitySupportTarget%2CIsSupportProcedureTarget%2CIsActive%2CUsageStatus%2CAttendanceDays
[Stub Request] GET /sites/demo/_api/web/lists/getbytitle('Users_Master')/items?%24select=Id%2CTitle%2CModified%2CCreated%2CUserID%2CUserCode%2CFullName%2CFurigana%2CFullNameKana%2CContractDate%2CServiceStartDate%2CServiceEndDate%2CIsHighIntensitySupportTarget%2CIsSupportProcedureTarget%2CIsActive%2CUsageStatus%2CAttendanceDays&%24orderby=ID+asc&%24top=200
[Stub Request] GET /sites/demo/_api/web/lists/getbytitle('Users_Master')/items?%24select=Id%2CTitle%2CModified%2CCreated%2CUserID%2CUserCode%2CFullName%2CFurigana%2CFullNameKana%2CContractDate%2CServiceStartDate%2CServiceEndDate%2CIsHighIntensitySupportTarget%2CIsSupportProcedureTarget%2CIsActive%2CUsageStatus%2CAttendanceDays&%24orderby=ID+asc&%24top=200
[Stub Request] GET /sites/demo/_api/web/lists/getbytitle('SupportPlanningSheet_Master')/items?%24filter=UserCode+eq+%27I005%27+and+IsCurrent+eq+true&%24orderby=Created+desc&%24top=100
[Stub Request] GET /sites/demo/_api/web/lists/getbytitle('DailyRecordRows')/fields?$select=InternalName&$top=5000
[Stub] Returning 20 fields for list: DailyRecordRows
[Stub Request] GET /sites/demo/_api/web/lists/getbytitle('SupportRecord_Daily')/items?$filter=RecordDate%20ge%20%272026-10-09%27%20and%20RecordDate%20lt%20%272026-10-10%27&$select=Id,Title,RecordDate
[Stub Request] GET /sites/demo/_api/web/lists/getbytitle('SupportRecord_Daily')/items?$filter=RecordDate%20ge%20%272026-10-09%27%20and%20RecordDate%20lt%20%272026-10-10%27&$select=Id,Title,RecordDate
[Stub Request] GET /sites/demo/_api/web/lists/getbytitle('SupportRecord_Daily')/items?$filter=RecordDate%20ge%20%272026-10-09%27%20and%20RecordDate%20lt%20%272026-10-10%27&$select=Id,Title,RecordDate
[Stub Request] GET /sites/demo/_api/web/lists/getbytitle('SupportRecord_Daily')/items?$filter=RecordDate%20ge%20%272026-10-09%27%20and%20RecordDate%20lt%20%272026-10-10%27&$select=Id,Title,RecordDate
[Stub Request] GET /sites/demo/_api/web/lists/getbytitle('SupportRecord_Daily')/items?$filter=RecordDate%20ge%20%272026-10-09%27%20and%20RecordDate%20lt%20%272026-10-10%27&$select=Id,Title,RecordDate
[Stub Request] GET /sites/demo/_api/web/lists/getbytitle('SupportRecord_Daily')/items?$filter=RecordDate%20ge%20%272026-10-09%27%20and%20RecordDate%20lt%20%272026-10-10%27&$select=Id,Title,RecordDate
[Stub Request] GET /sites/demo/_api/web/lists/getbytitle('SupportRecord_Daily')/items?$filter=RecordDate%20ge%20%272026-10-09%27%20and%20RecordDate%20lt%20%272026-10-10%27&$select=Id,Title,RecordDate
[Stub Request] GET /sites/demo/_api/web/lists/getbytitle('DailyRecordRows')/items?$filter=Parent_x0020_ID%20eq%2060&$select=Id,Title,Created,Modified,Parent_x0020_ID,User_x0020_ID,Status,Payload,Recorded_x0020_At,RowNo,Memo,StaffName,BipsJSON
[Stub Request] GET /sites/demo/_api/web/lists/getbytitle('DailyRecordRows')/items?$filter=Parent_x0020_ID%20eq%2060&$select=Id,Title,Created,Modified,Parent_x0020_ID,User_x0020_ID,Status,Payload,Recorded_x0020_At,RowNo,Memo,StaffName,BipsJSON
[Stub Request] GET /sites/demo/_api/web/lists/getbytitle('DailyRecordRows')/items?$filter=Parent_x0020_ID%20eq%2060&$select=Id,Title,Created,Modified,Parent_x0020_ID,User_x0020_ID,Status,Payload,Recorded_x0020_At,RowNo,Memo,StaffName,BipsJSON
[Stub Request] GET /sites/demo/_api/web/lists/getbytitle('DailyRecordRows')/items?$filter=Parent_x0020_ID%20eq%2060&$select=Id,Title,Created,Modified,Parent_x0020_ID,User_x0020_ID,Status,Payload,Recorded_x0020_At,RowNo,Memo,StaffName,BipsJSON
[Stub Request] GET /sites/demo/_api/web/lists/getbytitle('DailyRecordRows')/items?$filter=Parent_x0020_ID%20eq%2060&$select=Id,Title,Created,Modified,Parent_x0020_ID,User_x0020_ID,Status,Payload,Recorded_x0020_At,RowNo,Memo,StaffName,BipsJSON
[Stub Request] GET /sites/demo/_api/web/lists/getbytitle('DailyRecordRows')/items?$filter=Parent_x0020_ID%20eq%2060&$select=Id,Title,Created,Modified,Parent_x0020_ID,User_x0020_ID,Status,Payload,Recorded_x0020_At,RowNo,Memo,StaffName,BipsJSON
[Stub Request] GET /sites/demo/_api/web/lists/getbytitle('Users_Master')/items(6)?%24select=Id%2CTitle%2CModified%2CCreated%2CUserID%2CUserCode%2CFullName%2CFurigana%2CFullNameKana%2CContractDate%2CServiceStartDate%2CServiceEndDate%2CIsHighIntensitySupportTarget%2CIsSupportProcedureTarget%2CIsActive%2CUsageStatus%2CAttendanceDays
[Stub Request] GET /sites/demo/_api/web/lists/getbytitle('Users_Master')/items(6)?%24select=Id%2CTitle%2CModified%2CCreated%2CUserID%2CUserCode%2CFullName%2CFurigana%2CFullNameKana%2CContractDate%2CServiceStartDate%2CServiceEndDate%2CIsHighIntensitySupportTarget%2CIsSupportProcedureTarget%2CIsActive%2CUsageStatus%2CAttendanceDays
[Stub Request] GET /sites/demo/_api/web/lists?$select=Title,Id
[Stub Request] GET /sites/demo/_api/web/lists/getbytitle('SupportRecord_Daily')/items?$filter=RecordDate%20ge%20%272026-10-09%27%20and%20RecordDate%20lt%20%272026-10-10%27&$select=Id,Title,RecordDate
[Stub Request] GET /sites/demo/_api/web/lists/getbytitle('DailyRecordRows')/items?$filter=Parent_x0020_ID%20eq%2060&$select=Id,Title,Created,Modified,Parent_x0020_ID,User_x0020_ID,Status,Payload,Recorded_x0020_At,RowNo,Memo,StaffName,BipsJSON
[Stub Request] GET /sites/demo/_api/web/lists/getbytitle('Diagnostics_Reports')/fields?$select=InternalName,TypeAsString,Required,Indexed&$top=5000
[Stub] Returning 33 fields for list: Diagnostics_Reports
[Stub Request] GET /sites/demo/_api/web/lists/getbytitle('Users_Master')/fields?$select=InternalName&$top=5000
[Stub] Returning 59 fields for list: Users_Master
[Stub Request] GET /sites/demo/_api/web/lists/getbytitle('UserTransport_Settings')/fields?$select=InternalName&$top=5000
[Stub] Returning 59 fields for list: UserTransport_Settings
[Stub Request] GET /sites/demo/_api/web/lists/getbytitle('UserBenefit_Profile')/fields?$select=InternalName&$top=5000
[Stub] Returning 59 fields for list: UserBenefit_Profile
[Stub Request] GET /sites/demo/_api/web/lists/getbytitle('UserBenefit_Profile_Ext')/fields?$select=InternalName&$top=5000
[Stub] Returning 59 fields for list: UserBenefit_Profile_Ext
[Stub Request] GET /sites/demo/_api/web/lists/getbytitle('Users_Master')/items(6)?%24select=Id%2CTitle%2CModified%2CCreated%2CUserID%2CUserCode%2CFullName%2CFurigana%2CFullNameKana%2CContractDate%2CServiceStartDate%2CServiceEndDate%2CIsHighIntensitySupportTarget%2CIsSupportProcedureTarget%2CIsActive%2CUsageStatus%2CAttendanceDays
[Stub Request] GET /sites/demo/_api/web/lists/getbytitle('Users_Master')/items(6)?%24select=Id%2CTitle%2CModified%2CCreated%2CUserID%2CUserCode%2CFullName%2CFurigana%2CFullNameKana%2CContractDate%2CServiceStartDate%2CServiceEndDate%2CIsHighIntensitySupportTarget%2CIsSupportProcedureTarget%2CIsActive%2CUsageStatus%2CAttendanceDays
[Stub Request] GET /sites/demo/_api/web/lists?$select=Title,Id
[Stub Request] GET /sites/demo/_api/web/lists/getbytitle('SupportRecord_Daily')/fields?$select=InternalName&$top=5000
[Stub] Returning 17 fields for list: SupportRecord_Daily
[Stub Request] GET /sites/demo/_api/web/lists/getbytitle('DailyRecordRows')/fields?$select=InternalName&$top=5000
[Stub] Returning 20 fields for list: DailyRecordRows
[Stub Request] GET /sites/demo/_api/web/lists/getbytitle('SupportRecord_Daily')/items?$filter=RecordDate%20ge%20%272026-10-09%27%20and%20RecordDate%20lt%20%272026-10-10%27&$select=Id,Title,RecordDate
[Stub Request] GET /sites/demo/_api/web/lists/getbytitle('DailyRecordRows')/items?$filter=Parent_x0020_ID%20eq%2060&$select=Id,Title,Created,Modified,Parent_x0020_ID,User_x0020_ID,Status,Payload,Recorded_x0020_At,RowNo,Memo,StaffName,BipsJSON
  ✓   7 [chromium] › tests/e2e/kiosk-procedure-detail.spec.ts:203:9 › Kiosk user 6 SharePoint persistence › save and reload observation content (row-1) (5.4s)
  ✓   8 [chromium] › tests/e2e/kiosk-procedure-list.spec.ts:32:7 › Kiosk Procedure List › should display user name and procedure list (1.1s)
  ✓   9 [chromium] › tests/e2e/kiosk-procedure-list.spec.ts:37:7 › Kiosk Procedure List › should parse and display selected date from URL parameter (2.1s)
  ✓  10 [chromium] › tests/e2e/kiosk-procedure-list.spec.ts:44:7 › Kiosk Procedure List › should navigate back to user selection from procedure list (3.1s)
  ✓  11 [chromium] › tests/e2e/kiosk-procedure-list.spec.ts:58:7 › Kiosk Procedure List › should prioritize query userId over route param and avoid setup CTA when support start date is resolved (2.2s)
  ✓  12 [chromium] › tests/e2e/kiosk-procedure-list.spec.ts:73:7 › Kiosk Procedure List › should display procedure as recorded when its status is skipped (2.2s)
  ✓  13 [chromium] › tests/e2e/kiosk-procedure-list.spec.ts:89:7 › Kiosk Procedure List › should boot successfully with highlight and list query parameters without crashing (2.1s)
  ✓  14 [chromium] › tests/e2e/kiosk-procedure-list.spec.ts:98:7 › Kiosk Procedure List › should boot user selection with diagnostic query parameters without crashing (2.1s)
  ✓  15 [chromium] › tests/e2e/kiosk-procedure-list.spec.ts:107:7 › Kiosk Procedure List › should preserve diagnostic params and clear stale kiosk state params during navigation (2.3s)
  ✓  16 [chromium] › tests/e2e/kiosk-procedure-list.spec.ts:136:7 › Kiosk Procedure List › should preserve diagnostic params when navigating back to user selection from procedure list (4.2s)
  ✓  17 [chromium] › tests/e2e/kiosk-toilet.spec.ts:41:7 › Kiosk Toilet (memory provider; not production SharePoint proof) › should save a toilet record and display the same record after reload (2.6s)
  ✓  18 [chromium] › tests/e2e/kiosk-toilet.spec.ts:76:7 › Kiosk Toilet (memory provider; not production SharePoint proof) › should correct a toilet record and refresh the displayed latest record (3.1s)
  ✓  19 [chromium] › tests/e2e/kiosk-user-selection.spec.ts:29:7 › Kiosk User Selection › should navigate to user selection and show user cards (1.3s)
  ✓  20 [chromium] › tests/e2e/kiosk-user-selection.spec.ts:47:7 › Kiosk User Selection › should not automatically jump when wizard search params are appended (2.1s)
  ✓  21 [chromium] › tests/e2e/kiosk-user-selection.spec.ts:55:7 › Kiosk User Selection › should navigate back to kiosk home from user selection (1.3s)

  21 passed (1.1m)
